id,hair_length_has_soul,hair_length,has_soul,bone_to_flesh_ratio,bone_length,bone_length_squared,rotting_flesh,rotting_flesh_squared,soul_to_hair_ratio,bone_length_rotting_flesh,type
0,0.6792131360678803,-0.3733860765999137,1.7610236459456956,0.1122760538087704,-0.6004178812452412,-0.6784143036415788,-1.0673856131755175,-1.019469665985525,1.7724626411930189,-1.0246849025596072,Ghoul
1,-0.2021255388269611,0.0134792981121441,-0.1790484471503267,0.8019937095659594,1.0659311559746356,1.056073001869262,-0.5540494132923508,-0.6365965311541537,-0.2840270073457599,0.279408132338399,Goblin
2,2.565360638095485,1.6649808988457624,1.818350405895237,0.7391897697611922,0.2541616142049132,0.1081198840172713,-1.0434981952675308,-1.0032941470667818,0.0720880565111593,-0.5774529777587041,Ghoul
4,2.0302049338086983,0.6344643507150279,2.348441713861261,1.156286430276677,2.5818499168382405,3.350157286191828,0.0128219041351235,-0.1278498414892251,1.0748068572845662,1.8994546959037544,Ghoul
5,0.0190926261983854,-0.6513755534595526,0.9383369701172192,-0.6241003818332047,0.9947436369321256,0.9651161415364752,2.524715259673729,3.2119169435366675,1.393002933830626,2.9875585397444056,Ghost
7,-0.9476679709879708,-0.5168459431621278,-1.0862826077046062,1.3080038257353144,-0.2146956729907896,-0.3502537030104878,-1.734882106772707,-1.4066963080683463,-0.7507678843745568,-1.2582838986023095,Goblin
8,0.1745189567458714,0.5261701978466082,-0.0198485518105209,-0.5118271897087291,-0.262556259091801,-0.3933726501844968,0.4248981728027811,0.298592838836769,-0.4563413959299481,0.0859286164147627,Goblin
11,0.1573284944002697,0.4930778136442596,-0.0190103369513636,0.0149453352724089,0.6186318226225083,0.5095311337394293,0.2023821591770361,0.0623989797738529,-0.4389715581684205,0.6229349589871035,Ghoul
12,-1.1427730757353318,-0.6591950457261478,-1.3863320830777055,-0.9844070151988934,-0.9035895533820156,-0.9053371732627988,1.125005374417293,1.132394612542342,-0.9680168020287698,-0.0892661823760535,Ghost
19,-1.614313680181884,-2.0597364554427737,-1.877343717940332,-1.1213101504028211,-1.1550222554631664,-1.0728315516051827,1.331475871752891,1.404565035641745,-0.385454262084449,-0.2395252103524476,Ghost
22,-1.0213621336071963,-1.708594532609347,0.0024306448953954,0.0575993337788888,-0.0186557083026203,-0.1665372985501234,-0.4644844953626845,-0.5622153529347206,2.4872820881437776,-0.3213600154055778,Goblin
23,2.532905090972171,0.8961457307753162,2.6398574511130537,0.0620078545112989,1.133651143756394,1.143995902845945,0.5899919640204181,0.4828163231215443,1.0377915696840774,1.3764764260193605,Ghoul
25,1.1690364838557117,0.1591013414356281,1.7785054979239892,0.4269501788996852,-0.3275277481371991,-0.4508189522158595,-1.1752782667358574,-1.090534302361536,1.126106728588235,-0.9540562899312424,Ghoul
27,-0.2585797692041172,-0.2631922060419709,-0.0344766022036849,-0.4220074659427386,-0.6226826785497648,-0.696007938357849,-0.2447334099117526,-0.3701779525233603,0.0372903212956473,-0.5792989619769406,Goblin
28,0.9716687399938972,1.2763471940081037,0.4229888107633783,1.514176819642643,0.5972477816140865,0.4848905188224349,-1.4060154851303306,-1.2315453090358486,-0.5161413972716539,-0.6970866267939202,Goblin
29,0.6154164999190521,0.0201299623571287,1.1036920892572208,0.3760998620079249,0.4978110665008788,0.3720941920327195,-0.4681867830975136,-0.5653346170421041,0.7376076399850107,0.000547948511,Ghoul
30,-0.8464109874885223,0.150525891235906,-1.2584810794153,0.1281351038233018,-1.3824693289299546,-1.208177464181136,-1.782910251612304,-1.4297349788966511,-1.1969073481099328,-1.701084076015848,Ghost
31,3.0161242336470924,2.7752592578890933,1.3491231915003798,0.0898158555695893,1.1413108534812204,1.1540264534649434,0.5411188180444049,0.4274829431912859,-0.5724361083271244,1.337805899568982,Ghoul
32,0.1032205740741097,0.0014553838409436,0.3145434431682739,0.1526741729485854,1.2941645371552803,1.3578340281557688,0.5548336158189918,0.4429429365755087,0.1208145912036919,1.4792506891641972,Ghoul
34,-0.2099905468408551,-0.0263877820513329,-0.1593802993828925,-0.5199449216575699,0.6778572306195447,0.5784847400010117,1.670354649403509,1.8772151677043,-0.2422174175509018,1.883010200278596,Ghost
35,-0.1939528809219073,-0.1846585208792499,0.0036330116897106,0.2615594841901744,0.5201813512424195,0.3972140453059802,-0.2927822644902633,-0.4133251094197809,0.0076406391701973,0.1539325819324525,Goblin
36,-0.3606118281147804,0.3596093298579542,-0.6532640736569018,0.306318492072708,0.289801686697977,0.145632394034927,-0.5452774508530577,-0.6294111305899949,-0.825739952114699,-0.1876356246905418,Ghoul
37,0.1131066447390932,0.8649244322781645,-0.3223100522874332,0.0398618296318164,-0.4501291430860393,-0.5558062136938503,-0.8392519125758641,-0.8584475965332172,-0.8027400500646108,-0.8142765279064976,Goblin
39,0.2316456527707148,-0.2960894143880693,0.8552464832761124,-0.1841829511052753,-0.6845660114739762,-0.7441350413301259,-0.748482471241135,-0.7903176318977778,0.855684103020119,-0.8941244748949777,Ghoul
45,0.8665623819471062,1.3722563571117694,0.2409816526436429,2.6775230235205982,1.9079386974230483,2.246065959976303,-1.4044322477858202,-1.2306286624769789,-0.6557267528615498,-0.1294482736323581,Ghoul
47,-0.9513353405180937,-0.9157095079456572,-0.8059281008007808,-1.114915750938415,-1.546505913950549,-1.296256248550426,0.4136880974644243,0.2863612263712111,-0.152866617050865,-0.9648068510724797,Ghost
54,0.6579939697356009,0.8281414354773821,0.3823750375031059,0.364030333164099,-0.3441995571128276,-0.4653577090727838,-1.1257679109515384,-1.0583294808829369,-0.3406991601951671,-0.9316942424411718,Goblin
56,-0.2444279106298378,0.4465351039079365,-0.5415289598885752,-0.3332241234523072,0.4393246742589589,0.307121209257112,0.7960350542130802,0.7234668755902854,-0.7827319603437348,0.9466329548525672,Goblin
58,-0.5889763268996838,-0.7132388840658956,-0.2187190631647142,-0.0977905879061911,-0.1695937267915661,-0.308997631506979,-0.3610625241091615,-0.4735249369869371,0.2801793750830168,-0.3490790758089799,Goblin
62,-0.4045867198903873,-0.0111357207194353,-0.4814244654568191,0.3736680428058283,-0.97970860418284,-0.958025782490576,-1.6416507123728183,-1.3601256044430914,-0.5124098811535149,-1.49113452891642,Goblin
69,-0.8156245731637097,-0.5504706471616243,-0.8111545849450841,0.2622463236321224,1.800301948546647,2.082209986566988,0.777434151979002,0.7012523660733047,-0.4617078117104146,2.1421272933429694,Ghoul
70,-1.4526757541053816,-1.64892306792633,-1.5578340156576145,0.2097499627110391,0.2331931341566171,0.0862259950637189,-0.4619942479783657,-0.5601150968101747,-0.3716789969105949,-0.1611313549796281,Ghost
71,0.6844200945033324,0.3734833132041752,0.8185274900168162,-0.1531047221863736,0.907245254501698,0.8553800884628635,0.8471578542928275,0.7850216176891259,0.2264173384476502,1.4092062438409507,Goblin
72,-0.8300013918230957,-1.1726617651463456,-0.250096609542731,1.394444447301575,0.6752050789850901,0.5753746784072292,-1.2887605794882449,-1.161754630733647,0.8461667298181238,-0.566478897820314,Goblin
73,0.1551260813090595,1.435823672056705,-0.5722364216009618,0.0138782297591381,0.9350354455920532,0.8899868033829863,0.5029696560988811,0.3847570348581931,-1.1267257465761198,1.1310104549518796,Ghoul
75,-1.304955269005406,-1.725573975723988,-0.9716558203842004,0.0918401597166784,0.1674362544114318,0.0184136794731363,-0.3464754216910042,-0.4607740326991982,0.7901293402787918,-0.1192949281336029,Ghost
79,-0.2191179092273012,-0.294803834430994,0.0642477614394474,-0.5395754035405051,-0.2955191445401657,-0.4226743175098701,0.4590347508761058,0.336057435780463,0.1510888549124253,0.080342026387161,Ghost
80,1.6914325803509471,1.2299036828929637,1.274628551043168,0.6371785381443306,1.524167657619498,1.6775819663088694,-0.0395987409465335,-0.1786805382876367,-0.0055976352821471,1.0758399508967094,Ghoul
82,0.4013132936636334,0.9065477879385578,0.0073795826635907,0.7891136775235194,0.9809118167297204,0.9476176991386348,-0.5976200439646625,-0.6719665643968543,-0.6124991345077085,0.1887157243804425,Ghoul
84,-0.4748672790362362,-0.3250855954201614,-0.3587330722153715,-0.9664593935107936,-1.1014365496100604,-1.0387088401169453,0.6631840772207235,0.5669371953971726,-0.2025535183502076,-0.4895714352140103,Ghost
85,0.7370093160255307,1.0511705837432734,0.3122764195891935,0.0003422939181543,-0.1436088022394481,-0.2849542269196796,-0.4942000340900161,-0.5871428967003979,-0.487080130011994,-0.419422862493183,Ghoul
86,-0.4152302130045617,-0.384980429801485,-0.1999864528578704,-0.4577668095173081,0.1716887910369713,0.0227603128020742,0.8230187044286695,0.7558652948862021,-0.0110748540278698,0.7271181097750573,Ghost
88,-0.8650576996562667,-0.1326281739318843,-1.154553861291126,-0.0340153164564964,0.7546433037792538,0.6694339583514629,0.4286798037144447,0.3027270343884846,-1.006027096554691,0.9183447225626484,Ghost
89,-0.0290450030453566,0.2382841589437682,-0.0915747862109925,-0.6668809162504655,-0.3709049351078611,-0.4884743271439577,0.744956744271726,0.6626983870872751,-0.3528518267722475,0.1921130735422927,Goblin
90,0.251499183123907,0.9534513151443004,-0.2055074857528258,-0.4249073828828673,-0.9047383968494288,-0.9061451743435408,-0.5822173164957319,-0.659523738410268,-0.7630374660095477,-0.9370495910926,Ghoul
91,-0.8373933351682845,-0.3677042330103433,-0.9744588317204304,-0.83717519203958,-1.1078963006223062,-1.0428675236671996,0.1642303492193272,0.0232978292601472,-0.7320958708580952,-0.7213821621932512,Goblin
93,1.7295226827408643,1.244487705563755,1.3045796433084131,-0.0835416332792449,0.35849973537949,0.2190037943440844,0.1395886324963489,-0.0017398775840765,0.004003251836748,0.3752422184705041,Ghoul
94,-1.2741300358425955,-1.7337527126546934,-0.8514860578366705,-1.116107352232387,-1.2515173809671591,-1.1321284445234427,1.0835730030261708,1.079219862872409,1.0261451171437863,-0.4414500844474364,Ghost
95,0.117325889055765,0.6015668512762945,-0.1497884047353149,-0.7999957922490464,-0.5372842568011084,-0.627725714327997,0.97068990414364,0.936789397147138,-0.5811514684552265,0.1746485235473686,Goblin
96,0.1659032010813722,0.3403008311838784,0.1107883403741923,-0.1318632483632255,-1.047317947113667,-1.0033814437310578,-1.1975826636282063,-1.1048177454007324,-0.2630812707117883,-1.310018906896551,Goblin
103,0.2228229192790863,0.6612444384937041,-0.0517201492173694,0.7450289677623915,1.0362212473716532,1.0179294685984934,-0.5124080482871025,-0.6022946243573287,-0.5429799286846164,0.2988572660845677,Ghoul
107,3.1919467311101104,1.65150643953329,2.4806163890672286,-0.1156024342667731,0.4621581715319934,0.3323662587966439,0.3080784242420532,0.1728592827165185,0.4272636825425614,0.5853436720259464,Ghoul
109,-1.7219574987047666,-1.8293030973963735,-2.433716699096822,-0.9658626365764896,0.0827095888577754,-0.0670685249083195,2.9119905653679807,3.884417291022469,-1.8088888111192591,2.115150225279773,Ghost
111,-0.4127092175766439,-0.6736396417892103,0.0979305178793098,-0.42022136148364,1.4586256488145055,1.5848658857774482,2.279693028623046,2.8081825120380417,0.5636805439817962,3.3269210406495304,Goblin
113,-1.190416959374808,0.1329031148738715,-1.7739599741307346,-0.7374860555091821,-0.2781820699755972,-0.4073031064287422,1.1366714298174565,1.147453895364014,-1.588950574833668,0.5195813910861282,Ghost
115,-0.2039204563965685,-0.3062514254002054,0.1021413484615368,0.946621885434007,1.8420773858008923,2.1453964785636064,-0.2054421078362758,-0.3344132931482536,0.1948421301020118,1.1264284870747527,Goblin
118,-1.2134354824707831,-0.8470865784055168,-1.4331509064161234,-0.6021418289569191,-0.978926567460204,-0.957493213620242,-0.2999019086657006,-0.41966331571649,-0.9105309370339985,-0.8462560179900557,Ghost
119,0.2720712530452615,0.2334310623514587,0.3563928540757748,-0.1426724140124723,0.6114785140388634,0.5012733356328007,0.5184626632803883,0.4020594686572644,-0.0145820430736392,0.8745580751291189,Goblin
125,-0.9805283188084848,-1.10825084322909,-0.6982347280039757,-0.2885051023005915,0.5282657521883082,0.4063286652352596,0.7793466843494304,0.703531967447263,0.1861519737659996,1.0127664285171063,Ghost
128,1.8728245078098735,0.8779131183017556,1.847387557454836,0.5523187605964214,0.5918914713706303,0.4787397603442594,-0.6114839564118921,-0.6831093366830712,0.5552168575654126,-0.0563329547497919,Ghoul
129,-0.3381266392948677,-0.3754028906151622,-0.0696523469887116,0.5983401705944463,1.4191340500671692,1.529616659082632,-0.0631797891992411,-0.2012948172153001,0.1002394183651672,0.97726228248958,Goblin
130,-0.5597133538673603,0.5330524305733783,-1.0191549759559733,-1.1187217994229994,-1.7001744386681756,-1.371519952304683,0.0847469778018604,-0.0568510291055971,-1.1467360366209,-1.198056781216897,Goblin
131,0.5418028412592129,0.9186224071511864,0.1714214773938353,1.0485044144999487,2.407355847548477,3.051340236633449,0.031229333435541,-0.1098177316291746,-0.5155160732730337,1.794161414421169,Ghoul
133,-0.7772373671533609,-0.2156344582807647,-0.961334292336453,-0.1097956576498609,0.4283914476457599,0.2950880817724401,0.2620140342432845,0.1243330972267039,-0.8022776516823055,0.5229372845020446,Goblin
141,0.8273658490775163,0.3941341528439165,0.999191099929793,0.4511752333545906,1.7434239228323876,1.997013455482055,0.3969700367314997,0.2681852359355477,0.3407354863080026,1.6918752323041797,Ghoul
142,-1.2109610519294158,-1.6818206695472826,-0.7001581620093601,-0.0228324865278245,1.3227977224883507,1.3967835853454067,0.9522996596479768,0.9139243067350428,1.170729717228541,1.8859061623165296,Ghost
143,-1.582088108268101,-1.1223753704796846,-2.174447831054652,1.6452985082600144,-0.0692853551091546,-0.2150772109339691,-1.823680351226227,-1.448783904595342,-1.6526887434140811,-1.2650891677024998,Ghost
155,0.985476728816086,1.1726386192319564,0.513895032362125,0.2625393578109375,1.5831842679680916,1.7621585142535805,0.595206348031666,0.4887595482906423,-0.420131866877054,1.7637832970326055,Ghoul
157,-1.3889143939030042,-0.4010468989022462,-1.957131682815245,-1.1589699742651955,-0.9252780204226916,-0.9205249049151112,2.111499673877531,2.540797190695045,-1.6207065880937803,0.3748710723888578,Ghost
159,0.2203878807736499,0.517067304453501,0.0492007050147846,-0.994271988363774,-1.5576462819490309,-1.3019482999018537,-0.1078703380893278,-0.2437249215334579,-0.4040796796472384,-1.161209381068086,Ghoul
161,0.6352142817240204,-0.48873507912626,1.8730902074410432,-0.8451718000261836,-0.8961962041063151,-0.9001279293834078,0.5487415882963723,0.4360691862798621,2.057554346019548,-0.3689777027053644,Ghoul
162,-1.608324290594224,-1.9088398606324928,-1.9529911930577264,-0.9455532315116232,-0.3270978213515047,-0.4504429402838754,2.0174558714318023,2.3947524738958887,-0.779812913082078,1.01577779513215,Ghost
163,-1.208465069430558,-0.2824491710517898,-1.6727306154365689,-0.6803938669818692,-0.6420356552200943,-0.7111810798921002,0.3926132858513338,0.2634614334521291,-1.396910833704152,-0.2412125139314392,Ghost
165,0.4572496853396843,0.9506314239124,0.0462400175850718,0.6269819684629487,0.5735390907134543,0.4577299500026891,-0.7080129344386681,-0.7591964550933854,-0.6066836989297225,-0.1450669238985813,Ghoul
168,-0.3315732805527672,1.3861835974877346,-1.0832701062188954,0.5935378819449025,1.1459694612475897,1.1601355176330082,-0.255296461975541,-0.3797189914412783,-1.398687301962528,0.604713285761083,Ghoul
170,0.0220449461740438,0.0582903195250757,0.1346116770572086,0.4525629662635666,0.3518632328968001,0.2118546813214549,-0.6767795404160628,-0.7348635689266835,-0.0644618683305568,-0.2494751395873822,Goblin
172,0.2247817112227337,0.2994676830240156,0.2293114800492613,0.7607691457611341,0.4837883563828131,0.3564236907329838,-0.9063613473292472,-0.907331696985289,-0.1518420929996973,-0.3529842332127901,Goblin
174,-1.1868634200865995,-1.405405890233953,-0.950066593373914,-1.1759203001690972,-1.4859284152409546,-1.2646598447805375,0.8743473442716863,0.8180581530597315,0.2463955315018548,-0.7431755713949906,Ghost
175,1.903335658152656,1.051993614406831,1.6945834914085751,1.1696380074979995,1.4863280891620438,1.6238982852368806,-0.6506500466070049,-0.7142965880350018,0.3445498800254524,0.4396513803728445,Ghoul
176,0.7421014144811157,0.6016574701752933,0.6806139834401389,-0.0432935472348744,0.5061726754589996,0.3814661502775891,0.2062589686586822,0.0663951256983508,-0.0208861806414654,0.5395663802296912,Ghoul
177,-0.5251418854691693,-1.209350181330349,0.586232183383889,-0.6341725189357528,0.6362414875939733,0.5299245154412976,2.0639329967157463,2.4666185364171644,2.006007355431754,2.1604346033759136,Ghost
180,-1.3617275192998877,-0.9664034357848252,-1.7047573326670855,-0.0063086717595555,0.3981051289585843,0.2619402441650574,0.0326225207075039,-0.1084490790330361,-1.150930754006136,0.3229286567852733,Ghost
185,-1.7656620912898204,-1.2214556454367234,-2.62656015986429,0.3227368786690887,0.6230787625698465,0.5146723512102664,-0.2951615568011818,-0.4154448383836551,-2.217713372941001,0.2204085997784329,Ghost
186,0.2829065620987001,0.7509360105640314,-0.0358602896424766,-0.2133747384432537,0.3892975903286043,0.2523516673915075,0.4451231212773048,0.3207500532196325,-0.5731503308338761,0.6328346214383677,Goblin
189,-1.257030297609667,-1.2279521788575851,-1.2959814754196144,-0.9099710879426096,-0.444489497632334,-0.5510747430998437,1.6153815996299563,1.7983511461346862,-0.450816126905686,0.6427688375742238,Ghost
192,-0.4318568501250223,0.005004739167019,-0.5359579304996366,0.9129352046584184,-0.6790083164857564,-0.7398592568081305,-1.7938280260066657,-1.4348818114223445,-0.5654121351818281,-1.458803536745768,Goblin
193,1.5153802954851523,0.5503220322682909,1.76987777843285,0.401056267281368,0.6072692246622253,0.4964212215854067,-0.4141389060678504,-0.519416101413207,0.7560975708326304,0.1132252786843645,Ghoul
194,-0.5334142621157449,0.5563150766565759,-0.9942802381856324,-0.6179154924297424,0.2294015965777642,0.0822810614759363,1.4268732387844956,1.5343601465746075,-1.1369722403248783,1.2218762026026535,Goblin
195,0.9106796583251896,1.0143066414576098,0.5467639070238991,1.8696501105220416,0.660515271049802,0.5581864067425015,-1.5682854834641338,-1.3217629321140223,-0.3285915579553473,-0.8034372136934278,Ghoul
197,0.7994764898315809,1.1116284731557975,0.3425317358668351,1.020315525079587,1.256939182493561,1.307560557423805,-0.6507845845450441,-0.7144029760570729,-0.4948721277669091,0.3041929114539417,Ghoul
199,-0.5088123710088495,-0.4574969616591817,-0.3063039630083908,-1.05668202281845,-1.7872771349787229,-1.411067602664105,-0.3500412966139578,-0.463896557682704,-0.0493031960139804,-1.39812842067599,Ghost
204,1.7925020213896687,1.4963314879985026,1.154610746386704,-0.3706320387685545,-0.6281147868065615,-0.7002780521751756,-0.3572209324018706,-0.4701727117105008,-0.2026740505075203,-0.6452689348022213,Ghoul
205,0.483842645059983,0.7975353685941736,0.1864032532581228,0.274678717394867,-0.4172431119957551,-0.5280829291810483,-1.0916844562684709,-1.0357594476439749,-0.4510926466412118,-0.9471364086890116,Goblin
206,0.3035328863155538,0.0757442950577753,0.5549953249122113,0.2485245334313142,0.0492739433960663,-0.1002157887762865,-0.6703342583692856,-0.7298081816377885,0.253737449708488,-0.4218514913415627,Ghoul
208,-0.450227721441382,-0.950066809932218,0.3665077391783002,0.7593990671710048,1.3969285969505194,1.49875435168313,-0.2821200533637266,-0.4038065509392649,1.2381633215511334,0.7473157116054673,Goblin
215,0.3933442746438357,-0.0777239209305357,0.8643212306178347,4.598513391856949,1.101682950096958,1.1023209559984632,-2.2380993389126376,-1.615935734826515,0.6373881680442612,-1.241579548328981,Goblin
216,-1.668173480264823,-1.2681259964636604,-2.36468095470205,-0.9289937277466914,-0.6982160168688184,-0.7545976799827568,1.247198497812287,1.2920248047523215,-1.8606745560256348,0.1741519868051207,Ghost
218,-0.0542147490179131,-0.3599687255653428,0.4246817541239719,-0.490956469858101,-0.5180643158739472,-0.6120594627000054,0.0428768456197218,-0.098358574025138,0.5366972697429178,-0.342757474741901,Goblin
219,-1.168391380536107,-0.354670270916626,-1.574710751536635,0.5652184706582648,-0.0200458995945069,-0.1678802722160421,-1.076171370418983,-1.0253787082477923,-1.2845916318398407,-0.738923214253703,Goblin
222,-0.5826834492763389,-0.7816955851633633,-0.1332972097630172,-0.9033626066716158,-0.9095378307845112,-0.909516459286976,0.7522867974026926,0.6713740323831595,0.4471853521566712,-0.2794584525716443,Ghost
224,-1.340683018721802,-1.7592416150311476,-1.0593186716352387,-0.7408506466741015,0.2834784868914801,0.1389494686796694,2.015707263093089,2.3920604936400007,0.7044956856042024,1.7158573378965392,Ghost
226,-0.6119372934104262,-1.0085708709779488,0.0719908578865366,-1.160340576738718,-1.7058382406040626,-1.374159992762755,0.2630342566040126,0.1254013928234434,0.985567499187112,-1.1437616654156393,Ghost
227,-1.0334465116517235,-0.3102777142074951,-1.354562538542612,-0.958484961998766,-0.8732781973483901,-0.8838771114878384,1.0598188275651248,1.0489508310997404,-1.1036798810686257,-0.0928700622995201,Ghost
229,-1.0605297511414695,-1.1339691944638477,-0.8718957142818508,0.2206549194840537,-0.9665532541969276,-0.9490427922554144,-1.5005824801986651,-1.2850205510698471,-0.0014347891480332,-1.4179685171724274,Goblin
230,-0.3087864369212137,0.7646061370569451,-0.7986546353542016,-0.8653688516309256,-1.369331217290835,-1.2007774322512923,-0.1898986998329889,-0.3201453778805463,-1.0722796407718844,-1.0614049068328837,Goblin
233,-0.7509993070312212,-0.5595660793830717,-0.6796284550626255,-0.0818380278021854,0.645796509286177,0.5410285186732914,0.4214037565218398,0.2947762037568688,-0.3261965113069363,0.8235549154903914,Ghost
237,2.1982729080165804,1.5682682779477146,1.5238713660871264,-0.2513490897799791,0.1251327848431341,-0.024533458662885,0.2449376717048703,0.1064954632543572,-0.0369192790800821,0.2739119815863645,Ghoul
247,-1.0162335891246668,-1.3173643796991603,-0.5661693831197296,0.4523249336644348,0.1400700394172011,-0.0094296130309581,-0.8395975707442461,-0.8587026211375005,0.6575065345965455,-0.4896394914736494,Goblin
258,-0.3799807841356553,0.6770362589189417,-0.8480011808799217,0.1291783642784467,0.050467590756534,-0.0990381501514141,-0.5072380383301559,-0.5980018816280542,-1.076855545275886,-0.3076405481012998,Goblin
261,1.3350255585554722,1.064367193605073,1.0097982068041007,-0.0446708441209359,0.4717087483964047,0.3429714332764805,0.1754099995041635,0.0347133431579914,-0.0741794978375497,0.4888575714447169,Ghoul
262,-1.0362546616400294,-1.3109474097504372,-0.6284463523277074,-0.8392878873541332,-1.0204210895723669,-0.9855002823017006,0.3182927140764801,0.1837001316913314,0.5605642873685172,-0.5821739643697025,Ghost
263,-1.1525861286512864,-1.3844302956294223,-0.8732454380511957,2.04582984971343,0.3209106763642771,0.1786840457902926,-1.8091700650084288,-1.4420577750326142,0.3269358412277687,-1.1198221481043424,Goblin
264,0.7635567875301879,0.1456520214653309,1.182608388255814,0.9356808967485984,0.74200707726607,0.6543466442079696,-0.8973085744393274,-0.900811209414422,0.6819287665565458,-0.2068612693407445,Ghoul
265,-1.0100601142061707,-0.8195636417946006,-1.010623343078843,-0.9461338079807664,-0.876126984459211,-0.8859056319555513,0.9977490002434464,0.970605316205768,-0.4656812902679481,-0.1267259653575534,Ghost
266,-0.2813124613828389,-0.2736030141620337,-0.0643085697569114,0.1240126475093956,0.4144048681024463,0.2797461735195885,-0.1747704476388173,-0.3061934252016861,0.0194795464837758,0.174729238979417,Goblin
268,-0.8274986460977745,-1.1790531548035472,-0.2357074418147576,-0.6214118249774492,0.3526561413301627,0.2127081469706726,1.6126550740805154,1.7944617686561597,0.875120021570537,1.4892746333469775,Ghost
272,-1.0609186187267796,-1.1829492385294234,-0.8271325772246905,-0.5233990737949685,-0.5211136540650542,-0.6145523110937599,0.1197975977115602,-0.0217255292636435,0.1144906069080611,-0.3006715923821768,Ghost
282,0.4509801321174587,0.3081582742161385,0.5483533674047897,1.603157219110211,0.1485762687756417,-0.0007989108658992,-1.690933563890318,-1.3850472405494272,0.0764482155542531,-1.0949618869340711,Goblin
283,-1.67187782753625,-0.3918469616560684,-2.4727405661556263,-0.553245625089482,-1.0447074468717212,-1.0016553827784138,-0.4999235450365867,-0.5919157229340458,-2.097626731429956,-0.9832315521756084,Ghost
285,1.0061541279310109,1.0443487471184765,0.6368875521615969,0.7208355670594796,1.1564731877748562,1.1739332207185496,-0.4022205920523392,-0.5091800782527821,-0.2883918250640914,0.4754927831696905,Ghoul
286,-0.7523908233575568,-0.4455570006927734,-0.7675269898845346,-0.7374431594616693,-1.211437728200185,-1.10783491689128,-0.2983704683687446,-0.4183011643884851,-0.4924370410281263,-0.9998466515416112,Goblin
287,-0.6329557646654072,-0.2161414486888712,-0.7152125085345811,0.1062240675918296,-0.7135797933394489,-0.7663077352180573,-1.1622012289689974,-1.0820949993510942,-0.5891562760887025,-1.132388654110864,Goblin
291,-0.8730423491013343,-0.3892889463955427,-1.0255605665587808,0.3110914758186306,1.0428188444521698,1.026377259354869,0.0649043312060426,-0.0765831886943264,-0.7667870328536074,0.8247151489562385,Ghost
293,0.5410587595434554,0.7150014479250844,0.3219212122053277,1.1887953631380404,0.5368502605490655,0.4160283664894418,-1.2265324575005274,-1.1231485562624384,-0.3227992201925944,-0.579966131332962,Goblin
294,0.3403514860072635,0.1625313201608469,0.5249143311254898,0.0013476719002777,0.2856996725041799,0.1412956644232235,-0.0880036464176649,-0.2249323037643058,0.1634805951901761,0.1506336181413285,Ghoul
296,0.0286786685311583,0.067393486633411,0.1368656043856641,-0.9495824952071396,-0.4587492181834041,-0.5630199146749801,1.793816753388108,2.057425191418365,-0.0690406632897515,0.7327478605555537,Ghost
299,-0.9669893955117976,-0.5385014541182076,-1.1099374743516428,-0.2425256628727507,-0.1719265842378571,-0.3111463770037102,-0.0973399745831433,-0.2337776710790528,-0.760875669771527,-0.1793339572166276,Ghost
300,-0.4566350253667213,-1.019648282053459,0.4524134257871871,-0.7423572825061612,-0.3500083211149357,-0.4704038920837712,1.0446471318369548,1.029701012147309,1.457817630575359,0.3939926600686572,Goblin
301,0.6883362788950927,1.1177247692093095,0.2084492529371145,0.2246221195584713,0.0742480435093918,-0.0754884620713424,-0.6180561258873154,-0.6883727023656224,-0.5769028308183478,-0.3705757900522261,Ghoul
302,1.337251290962289,1.3406987750008492,0.783609971421547,-0.4070531859902574,-0.6245173007726147,-0.6974510922715772,-0.2785636784396662,-0.4006245435214612,-0.338719166190762,-0.5993003347885639,Ghoul
305,1.3409041412234242,1.321467568870247,0.802680708461052,0.2008323120255183,0.0063155574084308,-0.1423164500036822,-0.6447431116578122,-0.7096205761750088,-0.3194925014365521,-0.4294439458604204,Ghoul
306,0.2959647505920649,0.7646094394402746,-0.0285423580465704,-0.2148898292458474,1.319227529253388,1.391913787904809,1.4430623931893964,1.5566402263853816,-0.5744598006783156,2.3545606736919638,Ghoul
307,-0.1826120006322134,-0.0613179323639238,-0.0862958262511651,1.326832577439035,1.7566135019789608,2.016684332169292,-0.6342943791018575,-0.70132522820604,-0.1588310201838555,0.616336774519203,Ghoul
313,0.7065665349672757,-0.0090667725708279,1.284176338883401,2.517425096647277,1.3845987610740906,1.481680913159714,-1.546111076154533,-1.309870591233362,0.9117204582161016,-0.4937757427701792,Goblin
315,1.1013826762714058,0.1790808492128423,1.650040709301452,-0.7657557927745615,-0.5717783686369832,-0.6555669355729061,0.7859807371229757,0.7114472402709507,1.00763015076917,0.0381019739922661,Goblin
321,1.3614045444843024,1.091567350380536,1.0169421779422791,0.7215584817452558,1.130887870045446,1.1403816138064802,-0.420759037765714,-0.5250845647183247,-0.0842258476155773,0.4419703436113151,Ghoul
323,0.1652479956728039,1.600323571546843,-0.6351083011773575,0.438916334568385,-0.8246317456043006,-0.8488657944854272,-1.5718253274037557,-1.3236486076883942,-1.200667741478452,-1.3960286303439202,Goblin
324,-0.9770605714617324,-1.2795972798955009,-0.5042445012596132,-0.8007230398313201,-1.0328539470648914,-0.9937924036408294,0.1689631932412544,0.0281262424106881,0.6815320392557563,-0.6620835368087649,Goblin
325,-0.418319652625419,0.1111713657555045,-0.5857124368451538,-0.3771653755418933,-0.6226594850295337,-0.6959896874312013,-0.3377015252987973,-0.4530758105936861,-0.6607218156902331,-0.6308817676353178,Goblin
327,0.6863778156856306,1.60876210454157,-0.0936376489985673,0.0817507481262651,-0.1357533474618411,-0.2776462441964533,-0.6072898771015548,-0.6797441427228561,-0.9150922313861108,-0.488828944772108,Ghoul
329,-0.4958217567469647,-0.0935343337790792,-0.5706771803345475,0.3490096063110621,-0.4116880178992628,-0.5233682213052584,-1.1646665070542417,-1.083689645275045,-0.5380944198103079,-0.9881026272532096,Goblin
333,-0.6094779900314132,-1.033568174978482,0.1108198244495577,0.0437361620844211,-0.3763532543246733,-0.4931644749050742,-0.7758420652337787,-0.8110967633135806,1.0715691768000366,-0.7352014219967336,Goblin
336,-1.1564731357900644,-1.0132797961156152,-1.2009175098696656,0.1061979754342322,1.236346129309275,1.2799260556641958,0.5945027096466406,0.4879571132903192,-0.5248523824252579,1.468004143226119,Ghost
338,1.209198084705936,0.7356769167185079,1.1630392639875695,-0.9286262619632522,-0.4891377099522904,-0.5882745069148888,1.628219079680185,1.8166918017271696,0.2144587194522665,0.6027239349673689,Goblin
339,0.3949054813548777,1.1211959077230742,-0.1361536734987071,0.3349894049958319,0.7600808828508644,0.6759408716062043,-0.201349916965883,-0.330663484711512,-0.7823288971087067,0.3906662705621352,Ghoul
340,-0.6033845449323311,0.4010810557650179,-1.0182347048123404,-0.6428596127885151,-0.9857941917144396,-0.96216387743578,-0.2095740205661705,-0.3381947306128481,-1.10327002828462,-0.8075482856311254,Ghost
342,-0.6994485782078238,-0.8690804572222696,-0.2910483872130415,-0.648942703295425,-0.8131323973964811,-0.8404869231980043,0.0530279908272456,-0.0883405275600616,0.3774224553088878,-0.5544629843307858,Ghost
343,-0.815434362016733,-0.7983452161305997,-0.611084159734018,1.2130656241909032,-0.0728753188270811,-0.2184901020477272,-1.5997696198662117,-1.338411054053501,-0.0500948324504316,-1.116271647796908,Goblin
346,-0.1702449865627637,1.1073239481663053,-0.7891204190127363,0.2250194016141551,0.7148441568127801,0.622075342737171,-0.0732731411084098,-0.2109266600430653,-1.165247844222097,0.4666805970799011,Goblin
351,0.4202546811687858,0.3260429068525121,0.4874820709756664,-0.375089221353505,0.7056122114534604,0.611157077983212,1.2248268066918848,1.262485523996997,0.0198105480932877,1.5416700634919227,Goblin
355,-0.4175252954507704,-0.324070278053673,-0.2581059644854669,-0.3800823995476949,-0.0975725990339006,-0.2418654884947029,0.2895210674130197,0.1532385297601942,-0.1129213776540115,0.1304015257109216,Ghost
358,-0.1294413266752736,-0.3201821644932829,0.2476046487469013,-0.5708723196797219,-0.7632989872878659,-0.8037226117223933,-0.0817801238626079,-0.2190224603488436,0.3376878783896166,-0.5885691163805138,Ghost
359,-0.8386024078260945,0.3448622394481295,-1.3270984832101935,-0.7471768724186706,-1.0730511716926348,-1.0202879511418357,-0.0577999031283359,-0.1961492377323576,-1.307887331256826,-0.7971656891767291,Ghost
362,1.3524194600030426,2.0862127167443547,0.3018922773675911,0.0816009065107757,1.7734804690766075,2.041914911603784,1.1339560412831542,1.1439452887063672,-0.8503178819016797,2.495059964875922,Ghoul
366,-0.8855324084169381,-1.231600893456208,-0.3197232363509216,-0.5078542800778777,-0.849054731229665,-0.8665310811901383,-0.3422657878672717,-0.4570831941323497,0.8514547969844649,-0.7816008046746847,Ghost
367,1.5939350810148476,1.356618319549165,1.054917686015049,-0.1869999561091921,0.9473155033538752,0.905352029943597,0.9731719913592524,0.9398827149074092,-0.193475439228075,1.5567862988661862,Ghoul
368,-0.4238257875889468,-0.7820094076122885,0.2032515264681426,0.0769018183329779,-0.787702034657362,-0.8218179503404058,-1.1962870598167286,-1.103991878032554,0.8091146304657436,-1.185917228963101,Goblin
369,0.404823843620326,0.0532292349858154,0.7358788161657861,-0.1597271905521029,-0.205650316734112,-0.3420280699954735,-0.2898065890010244,-0.4106718218167325,0.4149368694136645,-0.3267670333423058,Goblin
375,-0.7796491199784438,-0.849807003215787,-0.4861532297941857,-1.152440046477074,-1.384332545826744,-1.2092227702008882,0.9828781491308068,0.9519956828542046,0.1389055462221891,-0.6078673139813164,Ghost
385,-0.98660623034659,-0.8571532284114413,-0.9315856248484292,-1.1573644009707689,-1.818652675486751,-1.424761316089595,-0.0188718206731586,-0.1586744778986136,-0.3476486291081681,-1.3177577485779803,Ghost
387,-1.1245286476711838,-1.6271642994330853,-0.4861255711020388,-0.7909153789313922,-0.960881492298098,-0.9451540372611288,0.2535323468256678,0.1154630611692905,1.404203002832918,-0.5663219890789333,Ghost
389,-0.4386083837377001,-0.3233262575828886,-0.2960486657997682,0.0268219036693073,-0.3334412453431646,-0.4559852998905417,-0.7123628307800547,-0.7625635884250757,-0.1475740652260457,-0.6719334036030244,Goblin
390,0.9764658552989928,0.3991271486947985,1.2035663140401898,-0.817118443634305,-1.3676698967490746,-1.199838044531635,-0.3291110685334931,-0.4455176022263477,0.4828437300316172,-1.1158090081364194,Goblin
393,0.4296758471256625,0.6962647687726256,0.1922852166951417,0.2632228870991295,1.4798705846411122,1.614779373307362,0.5075259745839207,0.3898384912908147,-0.3984462149191499,1.5886059550466662,Ghoul
394,0.5319855971419798,0.3375867013324456,0.636764828607979,0.2680459755639116,0.3212014622841459,0.1789943459373512,-0.4682144174662457,-0.5653578851779663,0.1205242541231857,-0.110414442598562,Goblin
397,0.823038670164915,0.5956724735978844,0.7937861295308247,0.0275007723063862,-0.0253514264289541,-0.1730003237469307,-0.4246108703395423,-0.5283770207682769,0.0592527234926191,-0.298453169383116,Goblin
399,0.1335983714377601,-0.5426187792008577,1.0053801975887249,2.1911800411429128,2.8860171374683627,3.892651307501824,-0.7255081656055531,-0.7727067464320874,1.3029003459357864,1.1688630108833638,Ghoul
401,-0.8100479863924868,-0.8094642701464503,-0.5895857998152326,0.2014933783337923,0.4761033658541531,0.3478604131137419,-0.2412996604614934,-0.3670696850087143,-0.0159454031438633,0.1650446579578713,Goblin
404,-0.5251980533320224,-0.922866559513731,0.1599187541798677,-0.7344961971636882,-0.2273993218398594,-0.361765082584505,1.2030547342661546,1.233872866227922,0.9582930181259816,0.6108879651477814,Ghost
409,-0.5382952956942989,-0.4855997526105232,-0.3363400367095224,-1.1822150138125844,-1.578260429342633,-1.3123836964849978,0.6845879314809066,0.59182116670802,-0.0540390045167817,-0.8944793540205211,Ghost
410,0.7918382628244671,0.5410307492419739,0.8034961637875389,1.888722522994904,0.0895639602762128,-0.0602322732294472,-1.8521201689009852,-1.4617955178158402,0.1009672284419424,-1.2304229857939932,Goblin
412,-1.286494661913378,-2.1600587593536744,-0.101920656574867,-0.5348388153569619,0.3541643401662768,0.2143320475089954,1.2996816712557766,1.3618742807983788,4.46354303612447,1.253150844489516,Ghost
416,-1.0017551208553523,-0.7395651155949438,-1.0494996002351422,0.3501978869584232,1.2124330481022376,1.2479943005972394,0.140814161336116,-0.0004986823805055,-0.5679972234834462,1.0215018970090417,Goblin
419,-1.035736600380577,-1.2886322038771612,-0.6520659580218006,-0.844348785595277,-0.8075797254163732,-0.8364269741456658,0.695347949705142,0.6043792629553767,0.4934202535953489,-0.218747930657276,Ghost
421,-0.3867703622674477,-0.669964587428389,0.1461458503987018,-1.7179837100938822,-2.8127941328687176,-1.707293876470791,0.4906834753543452,0.3710838552814475,0.6088282443372375,-1.9867003623088388,Ghost
422,-1.1373463259164904,-1.1506317714529706,-1.0496146257741594,-1.1886653792232953,-2.179273837654309,-1.5611661922052944,-0.7648336544661749,-0.8027613323738036,-0.2087620356276408,-1.7490668898506747,Ghost
427,1.482534608843753,0.9517796503592216,1.2910688408747435,1.451040647144485,0.8039443246720653,0.7287513815874403,-1.2553561552747723,-1.141165799863601,0.1605286809442215,-0.4792116972469708,Ghoul
428,-1.6832144952017636,-1.729479928212586,-2.313489004696027,-1.6378165200773782,-2.511915454367975,-1.6527518071427796,1.291157222938405,1.350476560132973,-1.6260846889649916,-1.609712435957562,Ghost
429,-0.9133100411868986,0.1748194779889058,-1.3694162522832534,-0.0025524042340949,0.1436334336428085,-0.0058166900358435,-0.2163722288696834,-0.3444058752669298,-1.2895131555983002,-0.0417663410598593,Goblin
434,1.1015084278822334,0.8870599412290119,0.8848519673229089,-0.1379960695853764,0.4181387345818533,0.2838361760698143,0.3101719786217435,0.1750788725262115,-0.0544641043920418,0.5521539804689014,Ghoul
435,-1.0223319170802263,-0.5930039736678494,-1.1844142112891276,-0.6363772349391585,-0.7064839177550751,-0.76090806806866,0.1700378504620376,0.0292234758746404,-0.8019334640796448,-0.4129402411585458,Ghost
447,-1.2304377169914178,-1.5472396546249496,-0.9310384073730852,-0.766450712361024,-0.9657946351649612,-0.9485232102998296,0.1676346426905294,0.0267702299827332,0.5056069255388962,-0.6116525852344477,Ghost
448,1.017625025504578,0.063834645556291,1.6767055200426575,-0.218239939392963,0.5770218788299641,0.4617093584027509,0.6573846007706668,0.5602169076024051,1.1480276960136289,0.9577996994815752,Ghoul
450,-1.4188974059390236,-1.5909894596283496,-1.4910454093658538,-0.4825678275365845,0.5512867514205063,0.4323896067304741,1.3774269031073576,1.4667658822327805,-0.334622489777928,1.512221798001162,Ghost
454,1.1957785496004356,1.391012317353472,0.5898335951303091,1.728737938272655,1.0353408737609535,1.0168031852470067,-1.3071712511280364,-1.1729681650125336,-0.468334952605439,-0.4187494229723743,Goblin
458,0.0332335708592718,-0.8864582637464823,1.3507664786524407,-0.3894260668607237,0.4845568644076535,0.3572809929728479,1.0052993829037615,0.9800777525286628,2.244555482077185,1.151689546472658,Goblin
462,-1.1666433135296754,-0.6330467805782336,-1.4474337357746283,-0.8739637234273802,-1.6982161302967973,-1.370604919569842,-0.7342006008837952,-0.7793873309237364,-1.0436169820872196,-1.4666624036736462,Ghost
464,-1.44182121228674,-2.075950635764885,-1.0466788561287683,-1.007975586428583,-1.2244266364280871,-1.1157601391769083,0.6044243326524462,0.4992846501696643,1.644131777365574,-0.6211783942846693,Ghost
465,-1.676013214910041,-2.159449446148853,-2.11202482335692,-0.4949963817484101,0.1354372912923136,-0.0141211161076666,0.8879085042329574,0.8346131766669019,-0.8018359121542943,0.7408598892348542,Ghost
466,0.8199669233705077,0.4100102184450414,0.972267765181378,0.7783186931899765,0.990256289943999,0.9594330363888848,-0.5798551968460233,-0.6576096514221301,0.3097528917336242,0.2101926951994558,Ghoul
467,0.7591662050929239,0.6739642044998784,0.6387900368412596,-1.0456351575527252,-0.9453567710205104,-0.9344609009391396,1.3559464358414546,1.43761543064803,-0.0918014140012425,-0.0168706174547995,Ghoul
470,-0.4282061941783315,-0.0805801071536674,-0.4696117962883409,-0.2551437106820127,0.2792317816370786,0.1344678331797671,0.4220969001245138,0.2955329893446953,-0.4620508310058187,0.525513275553455,Goblin
472,0.8207801084094741,0.5665502329935904,0.8182085905740549,0.6734723402148534,1.8654184704984555,2.180926150342379,0.1531124381656514,0.0119801512498038,0.09444191696071,1.5282046355473429,Ghoul
476,-1.4794321556219558,-0.1343451340121353,-2.1717320479733004,-1.0242788314150737,-1.396909525475676,-1.2162517724690551,0.3285655746231829,0.1946326833460896,-1.8608963088041344,-0.8766481811500102,Ghost
481,-0.7818521681812758,-0.7209397778561071,-0.6086182601974058,7.905097075489901,0.2356761147402095,0.0888117436829806,-2.813087210012623,-1.768004422487459,-0.1197782733203206,-1.8870723337716973,Goblin
482,-0.3430594529224153,-0.3192767983157889,-0.130706696123166,-0.6395152941986656,-0.5031181435763058,-0.5998009658382466,0.4678461566781968,0.3457809913624348,-0.0024042032998625,-0.0852668634499949,Ghoul
487,0.391435679827242,-0.7134249323872383,1.7972454780578604,0.8239852340867141,2.2365579185051088,2.7676081764059512,0.202567123717668,0.0625895420742481,2.3844128948055983,1.8666955744486933,Ghoul
492,-0.6101610585659165,-0.8746117656895953,-0.0883923444951901,-0.339646911582695,0.6884450794420502,0.5909214562618801,1.1005366670978889,1.1009329531869891,0.6106968130693986,1.4216901075377768,Goblin
494,-0.8969879205192984,-0.993291964027892,-0.611054888049279,-0.8143520568572644,-0.2587258977439795,-0.3899468079692115,1.485508666110532,1.6154055909934677,0.1552645367608996,0.7585381249606,Ghost
495,-0.8972423611806453,-1.2690399488464963,-0.3032512899709725,-0.5774495767004195,-0.1433658928599486,-0.2847285212061637,0.7751768330078309,0.6985631249164084,0.9373726350155972,0.4126612471584526,Ghost
497,0.8825622183369657,0.9163802831151184,0.5906197268751872,0.7259052337064117,0.9970601920705698,0.968052336731618,-0.5181904339219235,-0.6070869437350711,-0.2537429512682643,0.2694492640406609,Ghoul
501,1.5205926448473073,2.196558191299045,0.3964450789817061,-0.2279338989426812,-1.036949768086734,-0.996514069876535,-1.0583692144680448,-1.0133829726230534,-0.8355201122579239,-1.2399027757665295,Ghoul
502,-0.2390340498437823,-0.5971038652292241,0.3542159630332573,0.7314583313576042,-0.093772068716119,-0.2382801677100508,-1.276307333536759,-1.1541156871860183,0.7322475694868272,-0.9090939864402416,Ghoul
506,0.0258031615124004,-0.6002090616742136,0.8779947453573202,1.080684351772654,0.6292446332278379,0.5218105818620384,-1.08977777644516,-1.0344872146358963,1.2580565933641588,-0.4248455924395227,Goblin
507,-1.1256543864143154,-2.151439346252616,0.6975669100326924,-0.5157451193276212,-1.2184846854920437,-1.112140855951656,-0.8038845644171565,-0.8321764932406951,6.478546595012721,-1.2220132618405786,Ghost
509,-1.356611891222833,-1.0363343220639494,-1.6598526852504467,-0.9546711638746626,-0.7976820051642219,-0.8291673516745698,1.184219020719525,1.2092264979288343,-1.0585922312193952,0.0432920352543009,Ghost
510,1.7796231829423692,0.9964813964747496,1.6049357350683018,-0.4570250838473649,-0.5805678945549939,-0.6626047423567891,-0.1157432540141089,-0.2511415435432396,0.3253843621651969,-0.4781445678557379,Ghoul
511,0.4595736548041945,0.3914309937929675,0.4838663478601401,0.2172658205341992,1.4169504732621256,1.526575318563563,0.5388021292643713,0.4248766706066145,-0.025776676241413,1.566942265496312,Goblin
514,-0.121658599025796,-0.0783798178258158,0.0274051074062755,-0.1904985781215456,-0.2854202332752483,-0.4137313811757884,-0.3177433023392809,-0.4354839685115497,-0.0529993907691761,-0.3973346279357997,Goblin
515,0.4452327548546173,-0.3418039518694002,1.2938217216933297,-1.0112470809133942,-1.5545125231014925,-1.3003508644539,-0.0396286898791538,-0.1787093583781682,1.3039215808361635,-1.1344467626368555,Goblin
518,0.0120616810263146,0.7402906335896403,-0.3756438464460347,-0.121022104650766,0.0369632516282041,-0.1123366932257447,-0.1117514699052874,-0.2473832874085395,-0.7894475956339688,-0.0418810398605671,Goblin
520,0.3558366610560059,-0.3151213706995076,1.0983104922793934,1.8392751019246056,0.6759918498744789,0.576297072147575,-1.5454490279112871,-1.3095134066122056,1.0946687784754916,-0.7783955431244578,Ghoul
523,-0.0697899885554168,0.3575683762098632,-0.2383628156921153,-0.4710715718912155,-0.230232578227482,-0.3643258955593442,0.3568846338766542,0.2249236955464972,-0.5252719507740824,0.0689411623900065,Goblin
528,-0.9617593623382126,-1.0619103467753084,-0.6977617118742664,-0.8169658558976777,-0.1954067436084161,-0.3326834731117518,1.6014271706912102,1.7784672012054257,0.130970119100153,0.8989284674966136,Ghost
534,0.8159673693642903,0.6631370589052276,0.7225659536964327,-0.4039925525910851,0.262788741358761,0.1171656605287067,0.7814335335983001,0.7060205134446069,-0.0299041586437056,0.7781872277825249,Goblin
536,1.1894280805407116,1.886556137071211,0.2598127657125552,-0.7497206185063681,-0.8432169250835,-0.8623246696380292,0.3065819582680731,0.1712734810507951,-0.8140536087542781,-0.4476310551314381,Ghoul
540,1.8850298082787145,0.9128121481881832,1.8231646441989529,0.3354726183731517,0.5385219240545802,0.4179197371140499,-0.3814585703610973,-0.4912534205668443,0.5155166722334111,0.0953469402504499,Ghoul
542,-1.437657291095,-1.972705275146925,-1.1758919672827333,-0.8252581890744921,-0.932486127452102,-0.9255415864077688,0.416202166771791,0.2891013260356201,1.006702479975293,-0.4644639314964183,Ghost
545,-0.600202986389873,0.1347040667091687,-0.8773275969169875,-0.5073456961748544,-0.3318037344991134,-0.4545557222816525,0.3233833083621786,0.189113925430826,-0.8975039812605475,-0.0330477223376692,Ghost
547,1.0317273500869375,1.7494778719369355,0.1824045004931809,0.4511294862172814,0.4167713986156752,0.2823379432487205,-0.6250909533940872,-0.6939931557136443,-0.8124512407710328,-0.1715976065126266,Ghoul
549,-1.2600899345764314,-1.327184168836027,-1.2277552849715505,-1.4048559193343877,-1.9995751303285672,-1.4980218477291052,0.9716586021013168,0.93799643768138,-0.2534145668523067,-1.1843010361616646,Ghost
552,1.5828957407618014,1.1290205658853565,1.2421998365272895,-0.7604485166108097,-1.1242628949792015,-1.0533486102397336,-0.0994329074330979,-0.2357571874405122,0.0294579705594258,-0.8524703351570716,Goblin
553,-0.3442087711276596,-0.4272701431015215,-0.0305180677353468,-0.693300538270104,-1.3860639815900937,-1.210193220080958,-0.6702933029273748,-0.7297760207596816,0.1827767275680205,-1.262713895012165,Goblin
556,-0.7885623241494619,-0.2214796240801932,-0.9771971272154532,2.0003799541320424,-0.0224263281738833,-0.1701785173890675,-1.9502897070082703,-1.504964963815561,-0.8130235697539463,-1.335140161461682,Ghoul
557,0.516275373649853,-0.4722334451453018,1.6224424043156511,-0.3757802041544567,-0.7130650379567551,-0.765916530643858,-0.4471700535827601,-0.5475764564389974,1.7926988950771328,-0.7488265025732783,Goblin
558,0.4329288710155466,0.0962379004582351,0.7334094196425662,0.1882135350708995,0.6337609752520051,0.5270463149965703,-0.0845474134323045,-0.2216516148782502,0.3768413438625204,0.3998165193398605,Ghoul
559,0.9508683774343256,2.194533836576065,-0.1326297271341676,0.1918828849118077,0.6168275691565949,0.5074468660351202,-0.1050339623511312,-0.2410486714855831,-1.0849280671187054,0.371130832895289,Ghoul
561,1.118240891680151,0.5461859522841827,1.2390239580499829,-0.0978573685740329,0.6782910165894112,0.5789936204657822,0.4879167134851113,0.368010596442808,0.3959228513447788,0.905057601354654,Goblin
564,-1.3063859014462764,-1.3069680430444377,-1.3703379214108122,-0.1148398212089553,0.3102538988648927,0.1673294273575586,0.1529913023212409,0.0118570299182441,-0.4736940225566329,0.3488517976635457,Ghost
565,0.2536367045217019,0.745727088283062,-0.0697514798943544,0.0156595709042379,1.459243800372159,1.5857343682165217,0.9935530030375168,0.9653480879924016,-0.5928533581408384,2.0530904676018986,Ghoul
570,0.5158687384646898,-0.5917089023450665,1.825086293077924,-0.3352215488477078,1.3624885504898332,1.4511773886879302,1.863050097232188,2.160353293513744,2.1869780965126417,2.806752612415125,Ghoul
574,-0.1854945050279545,0.3382893959343241,-0.3902596834617621,-1.1251845378830976,-1.19965423272742,-1.1006018446973014,1.25291444417311,1.2995945971181944,-0.6257382935079895,-0.3184927141504872,Goblin
575,2.0893207991388234,1.3011619344300376,1.6560402814054616,0.7178650619978801,0.6803449259058472,0.5814038491284654,-0.7286864778197979,-0.7751519029594675,0.1742186508902088,-0.1004539623796933,Ghoul
579,1.1146491010727764,0.9049306135196816,0.885168090247468,-0.5801789695678289,-0.7508852777121082,-0.7944497514942431,-0.0415926662863627,-0.1805987585029375,-0.0641894169633348,-0.5585412286298879,Ghoul
580,-1.0206779853683796,-1.0120006097678071,-0.8830392165944612,0.6803603101216492,-1.1285677233535485,-1.0560921901960365,-1.9607232830299808,-1.5093940263217285,-0.1471336000975338,-1.6913462073139784,Goblin
581,-0.8500857287348708,-1.6246306661049248,0.4186175001494727,0.8687956813526738,-0.7356477326019116,-0.783004975651334,-1.8045695119413476,-1.4399128846861362,2.918177200138701,-1.484366341172459,Goblin
582,-0.0415028403858948,-0.1372978030451652,0.2138678005655712,0.0326739925998315,0.1275886735522264,-0.0220547308206073,-0.2896861024215002,-0.4105643365244161,0.1481798031318912,-0.1049004166309194,Goblin
583,1.679598214727854,1.7083770772310596,0.8704888657522692,-0.3197154219785358,0.6756580098192868,0.5759056625989702,1.0294736231998622,1.0105135180788325,-0.442055370057331,1.3506941392721032,Ghoul
584,1.329246004755057,0.5422601704674133,1.5282498088217058,1.0811598688497348,1.66092573926364,1.8751480009595864,-0.4615211441835826,-0.5597158878153847,0.597120635445168,0.7380737740038072,Ghoul
585,-0.6259851254232665,0.0988136478348554,-0.8968439856558175,0.1125005996804995,-0.977290231274572,-0.956378277285997,-1.4061239668883163,-1.2316080909362797,-0.897214207572626,-1.376981339476794,Goblin
586,0.8588340169593669,0.369167888746744,1.070145337242407,0.3836537735757555,0.4933867234589832,0.3671436453969278,-0.4814829094172675,-0.5765051929390559,0.4106234588115769,-0.0127184490840658,Ghoul
589,0.2328032891062789,0.0136060285448951,0.5075094311869144,-0.1925883225025324,0.3660368290009892,0.2271389207392959,0.3737878647460655,0.2431112432680761,0.2661157007895807,0.5594115827052148,Ghoul
590,-0.612692858295231,-0.6645770526658487,-0.3153198352979946,-0.76439492003648,-0.5002566878570737,-0.5974465026909994,0.8935239956724575,0.8414835004402282,0.1304291394883015,0.1642597717424584,Ghost
593,-1.428133782263327,-1.909662581244724,-1.215379434583643,-0.4138956485302016,-0.8333515359643744,-0.8551931976422181,-0.5168030930359486,-0.6059380006391258,0.7528604096121967,-0.8604915511924227,Ghost
594,-1.191620108831854,-1.631486817388667,-0.7028589685814239,-0.3685709190142771,-0.3250864026759098,-0.4486830340084947,-0.0053905914003591,-0.1455973843965852,1.049081379502688,-0.2306767219098831,Ghost
598,-1.4227921761241218,-1.1585166670864164,-1.763226469855222,-1.0222056264388797,-0.5227393507957564,-0.6158801975383584,2.084929429925897,2.4992834763273506,-1.1143159350709717,0.8299008261870991,Ghost
600,-0.4603944281844648,-0.4476365991325362,-0.2254246546585997,-1.3415658302189706,-1.8844449127660623,-1.4525269559836924,0.8535718493627741,0.7927962268233698,0.0184427012414773,-1.1115992637571717,Ghost
601,-1.2991214172383714,-1.967017429885702,-0.5883750377500341,-1.0614177044669368,-1.2394021696752182,-1.124835334508679,0.8229993132249682,0.7558419390915295,2.271167814562568,-0.5408686832696634,Ghost
604,0.3564226852649574,0.2323293567335044,0.4818710445479526,-0.4705880181841498,-1.75952141501878,-1.3987100869902416,-1.5661139005471307,-1.320604388670788,0.0801627044321515,-1.7654151302015242,Ghoul
607,2.3747271331335504,2.57233049961173,0.9354759980408208,1.2782633772155527,2.420867465481849,3.0741556495292435,-0.2115234257938071,-0.3399771203652025,-0.6936992174038356,1.5146057081698552,Ghoul
608,0.5987762700794291,0.1895223666984495,0.8850640218680407,0.8930895296196936,1.1532427973390655,1.1696862892394695,-0.5912833294500716,-0.6668556227511456,0.4167581462027596,0.2981720296326876,Goblin
609,-1.1844270410665738,-0.7082417477050496,-1.4454645480882613,-1.4654770379319344,-2.063228032304617,-1.5214854667648043,1.2985563564893217,1.360368495921102,-1.0027303669309606,-1.1606678333173748,Ghost
610,-0.4675820721841753,-0.0032645575737259,-0.586974394964086,-0.298547984923211,-0.0253183589828593,-0.1729684381853583,0.183123622917829,0.0426101599814798,-0.6019456383895976,0.1148932909005283,Ghoul
614,0.8353094691447613,0.6514642987448076,0.7584715863423883,-0.3471889784354212,-0.0523348391449583,-0.1989110785710049,0.2639211357781396,0.1263302994463327,0.0009957771621194,0.1487311675888007,Goblin
616,-1.451389692341321,-2.149985024608901,-0.9706730816433174,-1.1462779919772932,-1.3737092132028994,-1.203249028989219,0.9727827910100768,0.9393975570485906,2.1417294936907587,-0.6019809403003645,Ghost
617,-0.3881659009336375,-0.1455576424601612,-0.3547002301106963,-0.1704732768918227,-0.2241635755064303,-0.3588375673237155,-0.2897109234766831,-0.4105864795592461,-0.3251094569411802,-0.3390270982284889,Ghost
621,1.81517294593493,1.8057492368613768,0.9364233588568032,-0.117911929754766,1.1628258472111006,1.1822939764367044,1.0221235392395087,1.0012422856173937,-0.4449555642061505,1.8026890678872924,Ghoul
625,-1.3288437835326214,-1.168676154453726,-1.520185502625871,-0.9295164251989118,-0.2908641822965151,-0.4185559491001062,1.996038493583026,2.3618395732993256,-0.7953146321670512,1.0440250407273552,Ghost
627,1.6958925749938216,0.4164462037796984,2.190919452949166,0.6223021966588635,1.1463409950830596,1.160623005889892,-0.2912155955128463,-0.4119284848703264,1.1703797464166588,0.571720831084293,Ghoul
630,-0.4231884719932421,-0.2373448886390243,-0.3407287191206994,1.4342552518134577,0.317820067026974,0.1753875815695086,-1.5094544519865205,-1.2899086225140353,-0.2503897299706106,-0.895518791161144,Goblin
631,-0.6779137086702075,-0.8088153712571335,-0.307278203748382,-0.8374383442521852,-0.3689376183420426,-0.4867786103038433,1.4051077290827507,1.5045216387096343,0.2902254665635345,0.5953177050313186,Ghost
632,-1.56884962286894,-1.5651626263083929,-1.988184343663269,0.0824190225694814,0.5131327210592228,0.3892830232257434,-0.0167594474768339,-0.1566287993591268,-1.170468747052794,0.3680965723214476,Ghost
637,-0.3616749347081027,0.6679701058081555,-0.8197082752008289,-1.076979677541213,-1.689835677698439,-1.3666762337576803,-0.066612972369411,-0.2045742305722113,-1.0551985202598215,-1.24054433186154,Goblin
641,-1.167419819346544,-1.2973189523956117,-0.9999474494742612,1.3363064303226495,1.4188160596800214,1.5291736660269732,-0.8322672471617024,-0.8532871645392038,0.0272022638598542,0.2213754335361506,Ghost
647,-0.1569282923504827,0.0246480433149529,-0.1168293942508181,1.442077349672254,0.6051112636967048,0.4939357459283103,-1.357669830306578,-1.2032373295339072,-0.2414607556434274,-0.6544282409819218,Goblin
651,-0.2634907512503549,-0.0846645604264942,-0.1981620303903163,-0.8368833576527139,-0.4003082299275472,-0.5136813809244365,1.3500221864136632,1.429598609022709,-0.2349990085772169,0.5301663269552658,Goblin
653,-0.7889819247542225,-0.9586319092083794,-0.3969799571064563,-0.8350996262715792,0.5248253687040705,0.4024474915971357,2.891283803054897,3.8473948199306327,0.364842170040195,2.689373075278734,Ghost
654,-0.7161702256403271,0.6319545241492012,-1.269239153755208,0.2645831327707329,-0.4523917803591278,-0.5577018348990771,-1.110141539687633,-1.0480221923388398,-1.3442225522375413,-0.9755284476825437,Ghost
661,-0.1363903879488919,0.178756424147475,-0.2058296327016322,0.2136078902419459,0.4338336815869531,0.3010733770833889,-0.295696483061559,-0.4159211893139954,-0.404887520042803,0.0942571516386743,Goblin
662,0.224817124016995,0.4708460166038968,0.0904483206701627,0.3095777406706636,-0.229414642549153,-0.3635868565693098,-0.9748336711990372,-0.955905566956786,-0.350968337472,-0.779196132850777,Goblin
663,0.8081309231298581,0.3247161953796065,1.045744094767457,-0.5361609551572228,-0.0769425413775646,-0.2223520879632958,0.7370011459950412,0.6532994320745293,0.4276793899510446,0.4461315756503652,Goblin
664,-1.5790608760709313,-2.325147075355493,-1.3890563045177844,-1.4104722303181194,-1.884513711103993,-1.452555317567971,1.4250267516123196,1.5318236205810198,1.7961017193332665,-0.945509242999784,Ghost
667,-1.3794728926129096,-1.9687448676879824,-0.930822946373974,-0.991968103724795,-0.3278496348066858,-0.4511004368464859,2.287020888214763,2.8200124967508517,1.5303865179245053,1.181168920209878,Ghost
669,-0.447754142746667,-0.0017438428059124,-0.5565374304181836,-0.0758772094862268,0.612399672694578,0.502335871312826,0.3758698234954908,0.2453569380876644,-0.5782554642428087,0.7593049220594004,Ghoul
674,0.5746560675384674,0.3046671007462146,0.7303011968101308,0.6032056227304095,1.3509180140816728,1.4352723865931285,-0.1191198607987145,-0.2543171195205431,0.2122790176539722,0.8744568440364854,Ghoul
676,-0.8925096827456708,0.0367187705190937,-1.2794530452318682,-0.3139782042307211,-0.596084546748306,-0.6749729930427496,-0.4298293122112283,-0.532830979021417,-1.1742206712811658,-0.6651066724827291,Goblin
677,-1.4765430753906248,0.0561561762359834,-2.1977327784341307,-0.7146199560367388,-1.4153009423213654,-1.2264457824706327,-0.6653828511194204,-0.725916601938899,-1.907110151051961,-1.2779320853991918,Ghost
678,-0.4625325877735314,-0.911861421701698,0.2861848356881115,-1.1527202889801007,-1.8829243910921636,-1.451899773881952,-0.1909662031782437,-0.3211274507577947,1.085733614708757,-1.4142735577448038,Ghost
679,1.618876197809605,1.409883636879569,1.0382199847661346,-0.093896268228308,-0.132546158675034,-0.2746573074224047,-0.3306366207403741,-0.4468613534057052,-0.2273733056303351,-0.3049659439433188,Goblin
680,1.1120792699138369,1.0851602918210574,0.7292878306767839,2.195886990827743,0.7223654110458386,0.6309891459293272,-1.6909270310454798,-1.3850439821648657,-0.252634174816878,-0.8814467486624146,Ghoul
682,-0.5624382151595329,-1.0979869224567094,0.3149251460244424,-0.1287417715740975,0.3189209475974516,0.1765614628233277,0.18974159606398,0.0493986176176999,1.432260375036337,0.3830672485735792,Goblin
684,1.1836260037432016,1.0944653938022937,0.8057344547928872,0.3900543922562703,1.1776789674676649,1.2018889769016978,0.0513751854934661,-0.0899736332388332,-0.2115826423267784,0.9118769441335196,Ghoul
685,-0.5381999417202226,-1.4269049230942898,0.9681435063424404,-0.124213743873061,-0.2059979023665027,-0.3423446049739267,-0.3526141267619676,-0.4661472877287208,3.12502782966604,-0.3673377792950146,Ghoul
686,-0.5488811073967986,-0.4906782230131331,-0.35173060400767,-0.7678058518546478,-0.7691117769256353,-0.808048952077569,0.4821590970872386,0.3616220501129046,-0.0644222083894029,-0.2969938169728113,Ghost
688,2.507630346438526,1.9563890464784108,1.503792959981615,2.713856161476335,2.4665344391511552,3.1516690833537244,-1.1998365409396827,-1.1062533300625703,-0.2190437137721295,0.3578383601090595,Ghoul
690,-1.460178137218556,-1.358767830056618,-1.763953855835915,-0.6148642035502815,-0.2145198995388315,-0.3500940902453449,0.7965526882701083,0.7240864596952278,-0.9817425368555556,0.3631274868085114,Ghost
693,0.8430489995492022,0.5412857202003731,0.8724467018272531,-0.0987537520114821,0.2614378424572137,0.1157477471603401,0.0723118481746298,-0.0692298464556707,0.1480920009676014,0.2521206113724188,Goblin
695,0.6184995599223923,1.1330526363594886,0.116809799981058,-0.2281428895929564,0.3441924399183347,0.2036076813013728,0.4304402303074016,0.3046529563865975,-0.6371778582034041,0.5847514463197866,Ghoul
696,0.1083355152915451,0.4065661138592985,-0.0224299589754437,-0.3041679078475019,0.2135603263513352,0.0658450658200814,0.4652114244514956,0.3428712296272916,-0.3960172335992903,0.5034954968617424,Ghoul
698,0.9251177003239822,0.7735632383141114,0.7647026277911216,0.0582270891956855,0.4465363092412218,0.315077773336731,-0.0362391538923814,-0.1754459832909079,-0.066808042186514,0.304793267388008,Ghoul
699,-1.1631479365107802,-1.180874994737534,-1.0900138130761898,-0.5810701849086004,-0.1274535435191447,-0.2699049741475116,0.8081859643461979,0.7380307946408375,-0.2286377338791596,0.4485440913029901,Ghost
700,1.087058822336055,0.2870489386759284,1.4919617214891456,-0.8283921689326665,-1.5216987057756943,-1.2834488817470195,-0.5533753943243642,-0.6360451863080973,0.7866169267058786,-1.299297513494603,Ghoul
701,-0.2966625828362939,-0.7395649767030325,0.4161343310630626,0.0839303480961179,0.3221288900830694,0.1799841798199793,-0.1933228726239485,-0.3232943873684493,0.9784730346092034,0.0971261187951717,Ghoul
705,-0.3604332452928068,-0.1282099060151142,-0.3223300399623643,-1.5135400606294884,-2.007942862955206,-1.501175025555179,2.0897896449435653,2.5068623335548854,-0.309326867035338,-0.8958827754760693,Ghost
708,1.5630101878583544,0.8149184118695884,1.5304125562420716,0.0227329458243443,-0.5723171296729845,-0.6559989835122753,-0.93099053452559,-0.9249550570261564,0.3984784539208634,-0.9334200143372796,Ghoul
709,-0.176163061417816,-1.3174459690710056,1.740431618736131,0.4316489037738629,1.48073616206261,1.6160009727667255,0.2248471196518111,0.0856140688826892,3.872369149356659,1.3079173219122886,Ghoul
714,0.2051116687801757,0.2817033823720247,0.2159053112110389,1.879268651478196,0.0515491203858871,-0.0979707602675684,-1.8664237295197927,-1.468253786234465,-0.1505763649355048,-1.253243489743836,Goblin
715,-0.712039704326983,-0.4220565734363379,-0.7101964512457447,0.6631494012171288,0.5002742908396819,0.3748528955265419,-0.7983199962820974,-0.8280111264918932,-0.4547202823839359,-0.2587690044887133,Ghost
716,0.531925422026252,0.3654430321197962,0.6101592472238383,-0.4529471470064373,-0.4729437598831851,-0.5748505246581903,0.0086391048727289,-0.1319340931873399,0.0820940258641242,-0.3296606095870012,Goblin
719,-0.8425926721618449,0.2480970385757163,-1.294072361768562,-0.6071686931065228,-0.6039269767673402,-0.6811969606016166,0.2319609994404102,0.0929950219482664,-1.2550792228292922,-0.3001980297127178,Ghost
721,-0.2736442039097028,-0.9764433449204182,0.8116677940231245,-1.3358322644147065,-1.964156270881924,-1.4844448645978443,0.5662572884048285,0.4558605671667119,1.8032442937298687,-1.2624818699930311,Ghost
722,2.5972658553067185,1.3409041689632462,2.1806412852623827,0.4042631272216707,1.0828866014776355,1.07795898321128,-0.0445335318591005,-0.1834259287379203,0.4475629495621487,0.7545297062115768,Goblin
727,-0.9763443282397538,-0.6732415424613313,-1.0423383590043451,-1.069585399411486,-1.8054878795789864,-1.4190511920135942,-0.3421474987112506,-0.4569794110777031,-0.6073100820748388,-1.407592727706409,Ghost
728,1.9112492496597808,1.3113437477777206,1.447298269117137,0.6607436000190668,1.90661454633498,2.244029298743049,0.2000668437952863,0.0600144062772377,0.0502759280642953,1.6103743951044502,Ghoul
729,1.1535028717984983,1.3651115389389283,0.5620978957781235,0.81978349833429,2.4347398761468644,3.097636686127471,0.3404035460639331,0.2072675897653332,-0.4733484319063818,2.183782556433842,Ghoul
731,1.5917612637858094,1.1101684750867344,1.2700530512954369,0.337052221674433,0.7985265214262053,0.7221975563240793,-0.1732098398568894,-0.3047505072217636,0.0563252443924189,0.4409585573751275,Ghoul
732,2.7893223415481048,1.892032045356188,1.835533246916752,-0.1192366647259667,0.7526404128070128,0.6670393986640291,0.6099007255010789,0.505548894307992,-0.026270556771249,1.0694849960049606,Ghoul
733,2.5564050902001694,2.4606064571652837,1.1689035215090613,-0.1995570224084729,0.6564218399692155,0.5534081737517652,0.6970405646447079,0.6063576845906424,-0.5567404458285288,1.0590248472523376,Ghoul
734,0.0326912793006019,0.7196344751398741,-0.3366635799703504,-0.1169222571827037,0.7114426235831137,0.6180495366287634,0.5630204294413587,0.4521966809363998,-0.7558871510146666,0.995187177737398,Ghoul
736,0.7709974493135386,0.9734786048586828,0.4101625640812507,-0.124397467485299,-0.7263686776582671,-0.7760017921199506,-0.8809224542523981,-0.888950187965181,-0.3928324499556578,-0.9885593998774236,Goblin
737,1.3806336784624118,1.3946694379635942,0.7897220652240541,-0.4462423253021164,-0.3554263224675338,-0.4751015818962101,0.1381973398250997,-0.0031484446398851,-0.3586354226187058,-0.1649471098122568,Ghoul
739,-0.1194651899334938,0.1208143559522076,-0.135735932976788,0.1855931447271887,0.074220473636118,-0.0755158616284553,-0.5655397942572711,-0.6459759994725794,-0.3168805721075231,-0.3337807079046722,Goblin
741,0.8269018242847131,0.1604075460562488,1.260756364116396,0.7427293771891329,1.2543688442906855,1.3041044579361067,-0.3601202241080328,-0.4727030566122203,0.7283873374947384,0.5782561699879162,Ghoul
743,0.6753685874429104,0.3934969534819855,0.7858456364257518,-0.4287801645213559,-0.8416611099278891,-0.8612019245208363,-0.497721149559347,-0.5900802374488859,0.1887272151073821,-0.8559112600005605,Goblin
745,-0.5044528705887852,0.0749652469096084,-0.6953406983922733,0.3037709756194536,-0.1270965910910204,-0.2695715840243334,-0.8843273980368844,-0.8914210453119579,-0.7284380454595738,-0.6661538157994407,Goblin
746,0.3921817356728998,0.6226890998070398,0.1992160533341633,-0.2141047883150349,0.3749992776743314,0.2368344510489383,0.4315027422133031,0.3058157746282279,-0.3566266529503513,0.6107127986396393,Goblin
747,1.5634818885052169,1.8981084487555937,0.6217488526395544,1.4764896593013157,-0.0921678422396182,-0.2367654952458299,-1.754561875189905,-1.4162148187635335,-0.6363480406708202,-1.226927293319174,Ghoul
750,0.025711475617509,0.7351814469314579,-0.3550737621735283,3.4442060328465995,0.9083973320331342,0.8568101975082822,-2.040037679454384,-1.5420639761516994,-0.7740616568019234,-1.1179213749053087,Goblin
751,-0.1106712817077288,0.4429121593626851,-0.3536365534497261,0.4660922880814714,-0.1235080247116584,-0.2662177956518516,-1.0564997549841633,-1.0121181017422711,-0.6487704527166753,-0.7777678073162766,Ghoul
753,1.4613051790751668,1.7696318371279125,0.6051682066977049,-0.6623605942745775,-0.0892397677999154,-0.2339989068415345,1.1373855716306158,1.1483769957257566,-0.6014399703593798,0.7022481454599071,Ghoul
754,0.2294639639188647,0.3167886757174656,0.221382049065787,0.7156257241841761,-0.6903329380128347,-0.7485621014417423,-1.6768981422320632,-1.378019162654278,-0.168408967412227,-1.3995330779914763,Goblin
756,-0.9780976561288862,-1.0889578972678682,-0.711151855793838,-1.4156684594327835,-1.8573099745854216,-1.4412311982108648,1.571168439967637,1.7355387010395231,0.1466524232526471,-0.8743111096013362,Ghost
761,-0.6105885700254962,-1.1644956636980162,0.295013730699901,-1.0503233939695746,-1.6351700716119395,-1.3405377975072168,-0.0556253724701882,-0.1940671073162462,1.5333238621574514,-1.197839104563844,Ghost
766,0.2844192607545751,0.7627973442659057,-0.0420137687709374,0.4125139369626096,-0.155167101347813,-0.2956736779039977,-1.0261727794753883,-0.9914619131794548,-0.5823719208764638,-0.7739537050650058,Goblin
772,0.935910907828583,1.212572536280734,0.4278552002991943,0.6554766220079623,1.6237671383285008,1.8209177972703223,0.006826919999306,-0.13370205782281,-0.487224075158737,1.1949531442609924,Ghoul
775,0.4553780328391871,-0.6362167670486695,1.7853622770453308,-0.3489453431199326,1.0319802465062766,1.0125059690541598,1.5258884165498656,1.6717793417733489,2.2270533942004413,2.1338168391314123,Ghoul
777,0.8030053543338533,1.5448104379207503,0.0655015507666847,1.02214879055673,0.8067692830590589,0.7321721430827465,-0.9323147988223608,-0.9258978075314832,-0.8105977552719051,-0.2019074397005989,Ghoul
779,0.0423761239921945,-1.0270178752250176,1.643281571499163,0.0470145067545323,0.6169718506391709,0.5076135039754458,0.1413474696894858,4.1575092594610847e-05,2.900267970121721,0.5719391484597911,Ghoul
785,-1.1687328369143477,-0.1290717902592728,-1.658689183764544,-0.6175020985065472,-0.2802151336478446,-0.409110258713426,0.7133295523816575,0.6254382612923337,-1.4308618936286948,0.2523009239941176,Ghost
786,0.7226627277011033,-0.0158743304137685,1.31852833176033,-0.5264013226666604,-0.3819788901406972,-0.4979980156806268,0.3092492557828309,0.1741004486170448,0.9465341093703518,-0.0814410660766748,Ghoul
792,0.8966238351652588,-0.2133284171587303,1.8864015940169243,-0.5127203986948059,0.5837187001660904,0.4693712184607824,1.5223779357394398,1.6668602300505075,1.657060969989835,1.6622002871487096,Ghoul
793,-0.31076860241202,-0.6476455427771466,0.2727198838950466,-0.63756112730111,-0.5449764595719411,-0.6339649267462772,0.4025130757706468,0.2742029720078699,0.7112441677980933,-0.1570900118899019,Ghost
797,0.6542800601054101,0.8115751873025926,0.3906110343594383,1.813431078740983,1.7358891711403024,1.985799344410548,-1.0126452777239123,-0.9821648512707476,-0.3272286078723649,0.207170637909566,Goblin
801,-0.1634108137784884,-0.5037657542590719,0.3889181415916353,-0.8416790194273714,-2.001565503679513,-1.4987737562746055,-1.3262078803496764,-1.1844629019673965,0.6577322727919817,-1.7979353359756944,Ghost
802,0.3634600523146415,0.3920158387848183,0.3479536458945757,-0.6441398148095858,-0.4251957707757527,-0.5348165452342017,0.5931070385872669,0.4863658897674545,-0.1233360701103333,0.0536579991449958,Goblin
804,-0.1991161097223287,0.4734690749659533,-0.4951855736303643,-0.7533689968199943,-0.4348685432466174,-0.542981292730798,0.9545941221975276,0.9167718908930468,-0.7616365912831021,0.2602781594974601,Ghost
809,-0.5411925603871142,0.5890967410301878,-1.0195593921423785,-1.0690234758992925,-1.1630674933297125,-1.077881047477856,1.023339672857824,1.0027752425199652,-1.16426790701233,-0.3837578907208595,Ghost
812,0.0862166991003956,0.2085150677104174,0.1028987047468213,-0.9954780473773174,-0.8592627010226855,-0.8738620825079594,1.2662816688324223,1.317333000461012,-0.1888077272349165,0.0247782845100675,Ghoul
813,1.8167533296164955,1.6915352103815091,1.0239211435661622,-0.2021304295699654,0.0411945242533728,-0.1081757271334894,0.0501573618476046,-0.0911764510750202,-0.3555209286597904,0.0734636154983051,Ghoul
814,0.4228210402757747,0.4096508518470295,0.4160164198487892,-0.1295357678737966,0.4106341030590942,0.275619954164376,0.2847870111882754,0.1482486727600862,-0.0857340035979096,0.5266343487652908,Ghoul
817,-0.4049302638350968,0.3739227618138637,-0.7243210407348545,1.1170816924976932,-0.8578392610040632,-0.8728416748247322,-2.013615177445643,-1.5313765809462156,-0.8828062059263511,-1.6326535931622523,Goblin
819,0.4312224323664115,-0.1949399323191987,1.070496449938311,-0.637005889009315,-0.8318987061713781,-0.854140537869863,-0.0060570400020505,-0.146245053104789,0.9317153940601436,-0.5985037735159676,Goblin
820,1.2111182421655642,0.5401207310246862,1.3710519066385245,1.3197549842460177,1.4508022590525314,1.5738840871018716,-0.8007897615363024,-0.8298609461756433,0.4909560549517365,0.2701682915910215,Ghoul
827,0.7141026561405732,0.2672410576308262,0.9716628965561018,-0.0215702753736501,1.4340195612280318,1.5503872931803904,1.0562808402187007,1.0444560624580488,0.4188644169492254,2.091356023324147,Goblin
829,-0.9805530632502658,-0.3557376257148414,-1.23808104704889,-1.465223370685935,-2.0275585602499664,-1.5084852353631262,1.43643429832108,1.5475095162293158,-0.9783544474262532,-1.089105629005687,Ghost
831,0.53916635661232,1.3399356734491328,-0.100960921758348,0.7794313033278157,2.101357180730953,2.549152662862458,0.171342253247262,0.0305557169188091,-0.8364078004965632,1.7276313147469982,Ghoul
836,-0.222819598584126,1.0954781211120954,-0.8454986457274738,2.480298834657749,-0.6624494948143014,-0.7270654417011346,-2.3816760258294165,-1.6626014883795963,-1.1956733355570934,-1.7743632200324866,Goblin
837,-0.630232018879541,-1.3548417611904608,0.5610326837093709,-0.8206122016938392,-0.7673011193957048,-0.8067023925492357,0.6729440377977487,0.5782681069293125,2.324408812020061,-0.1953871093150357,Ghost
839,0.6172625069166872,0.1568510602719654,0.9485352868109772,0.1534658366763716,-0.5943831336980983,-0.6736202942895426,-1.1094982760490022,-1.0475964212251945,0.492384957460523,-1.0452737301428126,Goblin
840,0.6992612984162174,0.5235984925900318,0.6944770720538191,-0.2488936518503088,0.5159223481481349,0.3924201095398669,0.6658836686939179,0.5700686345467781,0.0372674392424177,0.9117598804890004,Ghoul
841,-0.9219839753284162,-1.3532369810008031,-0.2591923199158507,0.5495907775645328,-1.742025775682046,-1.3908030707960657,-2.33517172940732,-1.6481201115743245,1.153883208810225,-2.005002238335828,Ghost
843,0.0288353779334771,0.6818229072790556,-0.3183651476176694,1.3464770853424832,0.895650288827914,0.8410088458202621,-1.1334213967050182,-1.0633527785646422,-0.728552658603877,-0.3302756285156534,Goblin
845,0.2562791455602017,0.6961830367668354,-0.0324242746645742,0.7267986583513931,0.4672286958375699,0.3379933101208105,-0.8850616242707047,-0.891953422944449,-0.5462694463441644,-0.3451838304050408,Ghoul
846,-0.2320856011435752,0.0420413122014499,-0.2485251537578305,-0.7851435070684536,-0.5396986588873587,-0.6296859485941131,0.9093089121762477,0.8608431113855824,-0.3573203384621533,0.1372706889812909,Goblin
847,-0.3985551138736616,-1.3692860871394217,1.2427431354198086,-0.855830788399425,-0.5816747227642369,-0.663489357744591,1.125354761499784,1.1328450685603122,3.3407630294209345,0.2205557493811554,Ghost
849,-0.1142010943348994,0.252655672330624,-0.227519278553527,0.3443302329962509,0.0450235174761122,-0.1044057743290247,-0.7915376801765138,-0.8229224591512571,-0.4623269272553116,-0.5085584967450174,Goblin
851,-0.2746809808779437,0.1738633882885058,-0.4098560366329004,1.8054161947894456,0.0858410538647951,-0.0639470687901269,-1.817928730385177,-1.4461248563409277,-0.557640835124158,-1.2076327911570148,Goblin
855,0.7035213887746623,1.5883717426446684,-0.0644227360533685,-0.6129800541102126,0.0055117991092878,-0.1430989381853354,1.0968177679741966,1.0961659366588348,-0.8935627116480909,0.7657755883405142,Ghoul
858,-1.5190848902127274,-1.9216845373546436,-1.5764636208881124,0.946685601524814,0.047279159404896,-0.1021828752598238,-1.3502339005900594,-1.1988251296143164,0.0260892871139515,-0.8957624716168036,Ghost
861,-0.0012434430813981,-0.7113254876001461,0.986677540934058,5.421564815408316,1.4462960795642512,1.5675669499410076,-2.28971953174916,-1.6333797294219448,1.5350964931508484,-1.2038520139141105,Ghoul
864,-0.1311807739346133,0.6057510365349132,-0.4825880520054811,0.3204862304044697,0.2534795846444418,0.1074057001368958,-0.593273624624483,-0.6684621297551303,-0.8073764817211669,-0.2453107536540699,Ghoul
867,0.3033194293160644,0.7491832402105076,-0.0085637597219391,-0.1987485640436135,0.5040327230624111,0.37906564671875,0.5336474979629862,0.4190831207977616,-0.5546574161913358,0.7968730452664204,Ghoul
873,-0.4606561573681382,-0.1872011696319108,-0.4439517968365152,-0.2937484433574161,-0.4275070595127649,-0.5367700205297362,-0.2783974729371058,-0.4004757470685459,-0.373645735733734,-0.4676210489741937,Goblin
874,-1.0054736120855674,-1.146880459395277,-0.7219697012881204,-0.6475142953080572,0.5534925153324922,0.4348949045518206,2.0031064645798264,2.372686958756436,0.2044183231786292,2.0158319407905507,Ghost
877,0.2253427602137752,1.8323412427048693,-0.6709198697751629,0.1963654356281277,0.3964002721141277,0.2600824056926771,-0.3022844707775405,-0.4217811950244978,-1.2698023345693108,0.0643278601779182,Goblin
878,0.5050330308866404,1.5315857656503056,-0.2435533609797677,-0.1061295847036559,-0.2118157409431977,-0.3476373969812173,-0.389330761178904,-0.4980647881107518,-0.9732245326646553,-0.3946704761437522,Ghoul
886,1.0593935681390811,0.7748777530893396,0.9340807548286446,0.4337495174213305,0.1807100737855037,0.0319989888117633,-0.7874136745800454,-0.8198219684436264,0.0416435899630081,-0.4295292324891484,Goblin
889,0.2288361401868323,0.0595335388294264,0.4552712065126841,-0.742797180799269,-0.7706058281728291,-0.8091593231374643,0.3967374071713289,0.2679328729289821,0.1879384839083807,-0.3429931602203614,Ghost
890,0.0438905567666017,-0.1925357666934091,0.4128174024695499,0.0123945347867004,0.3579220831638812,0.2183810040590106,-0.0390077077079671,-0.1781117308975613,0.3648557456340779,0.2390070187717048,Ghoul
896,-0.5975313417532844,0.3205479620035819,-0.9709036182375576,-1.1579305870823104,-1.0494753942515538,-1.0048064191401451,1.8092296324249,2.0802228438178108,-1.040969882509465,0.0890114871052784,Ghost
897,1.2533037152840338,1.2268329337448711,0.7788419717837937,-0.1674921402875079,1.7793637891761036,2.0507353910886086,1.7899529810306796,2.051720623310921,-0.2903826783145111,3.1948057202395,Ghoul
