id,bone_length,rotting_flesh,hair_length,has_soul,type,hair_length_has_soul,bone_length_rotting_flesh,bone_length_squared,rotting_flesh_squared,bone_to_flesh_ratio,soul_to_hair_ratio,color_black,color_blood,color_blue,color_clear,color_green,color_white
0,0.3545121845821541,0.35083902671065,0.4657608918291205,0.78114166586219,Ghoul,0.3638252389368585,0.1243767097958692,0.1256788890172113,0.1230880226632761,1.0104408380603125,1.67709420997646,0.0,0.0,0.0,1.0,0.0,0.0
1,0.5755599050254655,0.4258684322105845,0.5314013787091408,0.439898877037289,Goblin,0.2337628697502182,0.2451127943964679,0.3312692042729229,0.1813639215535012,1.3514652574396344,0.8277934847873485,0.0,0.0,0.0,0.0,1.0,0.0
2,0.467875498742323,0.3543304203917748,0.8116160896689244,0.791224973337769,Ghoul,0.6421709189087991,0.1657825221603786,0.2189074823233774,0.1255500468150118,1.320412439046662,0.974863897808562,1.0,0.0,0.0,0.0,0.0,0.0
4,0.776652460655474,0.5087225499432287,0.6367655799597881,0.8844636920976973,Ghoul,0.5631960358519656,0.3951006202043358,0.6031890446422026,0.2587986328207408,1.526641966868728,1.3889723788615616,1.0,0.0,0.0,0.0,0.0,0.0
5,0.56611660205779,0.8758617955062562,0.4185936708748796,0.6364378187279373,Ghost,0.2664088428249284,0.4958399035442367,0.3204880071254581,0.7671338848274429,0.6463464230293808,1.520382794058603,0.0,0.0,0.0,0.0,1.0,0.0
7,0.405679744891883,0.253277496666039,0.4414196710726872,0.2803238199213896,Goblin,0.123740448383539,0.1027495502343334,0.1645760554155433,0.0641494903174153,1.6016572086334528,0.6350361978165047,0.0,0.0,0.0,0.0,1.0,0.0
8,0.399330850860438,0.5689517671030597,0.6183910202674578,0.4679008345210921,Goblin,0.2893456744434931,0.2271999932558146,0.1594651284489213,0.3237061132896943,0.7018588487829002,0.756630114094452,0.0,0.0,0.0,0.0,0.0,1.0
11,0.5162238981116547,0.5364287456984622,0.6127761465851604,0.4680482696484728,Ghoul,0.2868088150910433,0.2769173381636057,0.266487112981592,0.2877557992116255,0.9623165780829516,0.7638036079254396,0.0,0.0,0.0,1.0,0.0,0.0
12,0.3142952759201916,0.6712796900808566,0.4172669166262837,0.2275475750972251,Ghost,0.0949480750466068,0.2109800354135835,0.0987815204657493,0.4506164223150509,0.4681961909504893,0.5453155111885051,0.0,0.0,1.0,0.0,0.0,0.0
19,0.2809417440979105,0.7014574929942134,0.1796332951168527,0.1411826507100036,Ghost,0.0253611047603696,0.1970686914923421,0.0789282635767758,0.492042614477727,0.4005057210829698,0.7859054835203754,0.0,0.0,0.0,0.0,0.0,1.0
22,0.4316852133394812,0.4389592731593482,0.2392124879973941,0.4718195627187505,Goblin,0.1128651314837948,0.1894922274811368,0.1863521234159534,0.1926852434925832,0.9834064471815028,1.972304387720815,0.0,0.0,0.0,1.0,0.0,0.0
23,0.584543226402469,0.5930819356156424,0.6811657623420384,0.9357213331107028,Ghoul,0.6373813352080604,0.346682028165789,0.3416907835330082,0.3517461823535969,0.985586198867635,1.373685596054502,0.0,0.0,0.0,1.0,0.0,0.0
25,0.3907121285960714,0.3350693972625707,0.5561094618022101,0.7842165804203274,Ghoul,0.4361102604739179,0.1309156774318616,0.152655967432073,0.1122715009819024,1.1660285048498715,1.4101584898304504,0.0,0.0,0.0,0.0,0.0,1.0
27,0.3515586720944532,0.4710781716572552,0.4844577817226679,0.4653278802844954,Goblin,0.2254317126563378,0.1656116164805075,0.1235934999248152,0.2219146438119423,0.7462693679140667,0.9604929323264492,1.0,0.0,0.0,0.0,0.0,0.0
28,0.5133872213931538,0.3013447615817322,0.7456755654684397,0.5457922990384892,Goblin,0.4069839812138452,0.1547065498298279,0.2635664390897831,0.090808665332751,1.7035975097871985,0.7319335713513813,0.0,0.0,0.0,1.0,0.0,0.0
29,0.5001965520236578,0.4384181454387683,0.5325298147689491,0.6655224296568855,Ghoul,0.3544105361897622,0.2192952446930784,0.2501965906563557,0.1922104702499689,1.1408860430779897,1.249713939127036,0.0,0.0,0.0,1.0,0.0,0.0
30,0.2507699997704333,0.2462576855648545,0.5546544421413162,0.2500355193334616,Ghost,0.1386833114914154,0.061754039752566,0.0628855927848631,0.0606428476997587,1.018282196445108,0.4507869990154481,1.0,0.0,0.0,0.0,0.0,0.0
31,0.5855593168709793,0.585938618841321,1.0,0.708691750060939,Ghoul,0.708691750060939,0.343101817377049,0.3428797135744079,0.3433240650496749,0.999335603911634,0.7086846632143068,1.0,0.0,0.0,0.0,0.0,0.0
32,0.6058359561481175,0.5879431786674414,0.529361248889943,0.5267176472227212,Ghoul,0.278823911546192,0.3561971178087528,0.3670372057619037,0.3456771813415749,1.0304153087856525,0.9949872576707062,0.0,0.0,1.0,0.0,0.0,0.0
34,0.5240803802397399,0.750988138270072,0.5246370241727257,0.4433583431154124,Ghost,0.2326022017742202,0.3935781490601137,0.2746602449522303,0.5639831838223488,0.6978451124352475,0.8450602456280183,0.0,0.0,0.0,0.0,1.0,0.0
35,0.503164057832666,0.464055333613106,0.4977828029510476,0.4720310491885279,Goblin,0.2349689387449892,0.233495964719662,0.2531740690946345,0.2153473526547711,1.0842526286442178,0.9482480389234292,0.0,0.0,0.0,1.0,0.0,0.0
36,0.4726032938231003,0.4271505454280777,0.5901301905716715,0.3564882329332289,Ghoul,0.2103744688374448,0.2018727547276433,0.2233538733324436,0.1824575884595042,1.1063832998655865,0.6040738092891066,0.0,0.0,0.0,0.0,0.0,1.0
37,0.374448573799757,0.3841831312845876,0.6758683607952992,0.4147003342395816,Goblin,0.2802828351237687,0.1438568255874386,0.140211734420672,0.1475966783636306,0.9746363047869994,0.6135724389098771,0.0,0.0,0.0,1.0,0.0,0.0
39,0.3433496058239474,0.3974500258119089,0.4788760240519573,0.6218228827390226,Ghoul,0.2977760697505896,0.1364643096972366,0.11788895181946,0.157966523017887,0.8638594664270255,1.298477824593096,0.0,0.0,0.0,0.0,0.0,1.0
45,0.6872555002914946,0.3015761681272884,0.7619487306930753,0.5137787308603302,Ghoul,0.3914730518361278,0.2072598803023114,0.4723201226809125,0.0909481851823385,2.2788031180575543,0.6742868217980765,0.0,0.0,0.0,1.0,0.0,0.0
47,0.2290099048694253,0.5673132984183307,0.3737434190675078,0.3296358811256823,Ghost,0.123199241259243,0.1299203645019418,0.0524455365283032,0.3218443785622859,0.4036673718634394,0.8819608445271321,0.0,0.0,0.0,0.0,0.0,1.0
54,0.3885005478963415,0.3423058488540095,0.6696272909639486,0.5386486690149674,Goblin,0.3606938490138292,0.1329860098279049,0.1509326757157575,0.117173294159664,1.1349183778576046,0.8043886986036547,0.0,0.0,0.0,1.0,0.0,0.0
56,0.4924381032273604,0.6231972685456857,0.6048791200547257,0.3761415241524868,Goblin,0.2275201541453995,0.3068860808591094,0.2424952855101604,0.3883748355228035,0.7901674580537423,0.621835492955232,0.0,0.0,0.0,0.0,1.0,0.0
58,0.4116626945454133,0.4540754660570032,0.4080971534648053,0.4329211406473242,Goblin,0.1766738851729096,0.1869259298839903,0.1694661740803902,0.2061845288748846,0.906575359304135,1.06080262737825,0.0,0.0,0.0,0.0,0.0,1.0
62,0.3041977859670044,0.2669042311479353,0.5272248823714463,0.3867134123693171,Goblin,0.2038849333478738,0.0811916761804275,0.0925362929872274,0.0712378686046704,1.1396836529049847,0.7334746339808198,0.0,0.0,0.0,1.0,0.0,0.0
69,0.6729770643554356,0.6204785539163591,0.4357144772611028,0.3287165853781181,Ghoul,0.1432265751650814,0.4175678357101372,0.45289812914846,0.3849936358701361,1.0845922299578017,0.7544138613565621,0.0,0.0,0.0,1.0,0.0,0.0
70,0.4650939478113308,0.4393232486218925,0.2493371056309895,0.1973817900366121,Ghost,0.0492146042319925,0.2043265840668547,0.2163123802907288,0.1930049167796931,1.0586358971697336,0.7915944704355974,0.0,0.0,0.0,0.0,1.0,0.0
71,0.5545095992350249,0.6306693955812395,0.5924842265783549,0.61536431261308,Goblin,0.3645936488224817,0.3497122337935484,0.3074808956437879,0.3977438865228059,0.8792258049337162,1.0385996774463095,0.0,0.0,0.0,0.0,0.0,1.0
72,0.5237285619471904,0.3184827811959322,0.3301456396587741,0.4274020872726478,Goblin,0.1411049354941234,0.1667985290006872,0.2742916065992721,0.101431281918296,1.6443969624071324,1.2945472859842129,0.0,0.0,0.0,0.0,1.0,0.0
73,0.5581960768300526,0.5803627234695455,0.7727343677011607,0.3707403331814098,Ghoul,0.2864837969422543,0.3239561953791049,0.3115828601884619,0.3368208907929881,0.9617889577805828,0.4797709937172706,1.0,0.0,0.0,0.0,0.0,0.0
75,0.4563710403972941,0.456207522246787,0.2363315402934902,0.3004857328309415,Ghost,0.0710142560761545,0.2081999015648379,0.2082745265133086,0.2081253033545526,1.000336502091702,1.2714046479421124,0.0,0.0,1.0,0.0,0.0,0.0
79,0.3949581951173462,0.5739411817580686,0.4790941518551199,0.4826926871359688,Ghost,0.2312552435500757,0.2266827732506835,0.1559919758903517,0.3294084801178483,0.6881390049717305,1.007490094308208,0.0,0.0,0.0,0.0,0.0,1.0
80,0.6363467701119719,0.501060729410613,0.7377953702344142,0.6955887530369675,Ghoul,0.513202161577804,0.3188483767903923,0.4049372118319388,0.2510618545574955,1.2699739433202937,0.942780821473238,0.0,0.0,0.0,1.0,0.0,0.0
82,0.5642817569821001,0.4195001329997656,0.6829307073109625,0.4726900403323142,Ghoul,0.3228145435829947,0.2367162721033324,0.3184139012628059,0.175980361586821,1.3450968465222162,0.6921392080924602,0.0,0.0,0.0,0.0,0.0,1.0
84,0.2880500976676626,0.6037797214759668,0.473956164160065,0.4082938233981211,Ghost,0.1935133743880204,0.1739188077409063,0.0829728587663499,0.364549952065596,0.4770702239904362,0.8614408670325137,1.0,0.0,0.0,0.0,0.0,0.0
85,0.4151096964698842,0.4346160392215713,0.7074692453944934,0.5263188963457769,Ghoul,0.3723544324346093,0.1804133321222097,0.1723160601033194,0.1888911015486464,0.9550962413880184,0.7439354578554447,0.0,0.0,0.0,0.0,0.0,1.0
86,0.4569351560214406,0.6271412086659317,0.4637936467899993,0.4362160533497054,Ghost,0.2023142341714007,0.2865628660292423,0.2087897368083382,0.3933060956069656,0.728588496215175,0.9405188087001288,1.0,0.0,0.0,0.0,0.0,0.0
88,0.5342663533189846,0.5695044916511958,0.5066109316216567,0.2683154656682969,Ghost,0.1359315480307145,0.3042670879532665,0.2854405362887661,0.3243353660108869,0.93810844350946,0.5296178047942841,0.0,0.0,0.0,0.0,0.0,1.0
89,0.3849579750034331,0.6157316442049253,0.5695446230585894,0.4552847774447461,Goblin,0.2593049969540817,0.2370308068986624,0.1481926425187438,0.3791254576753007,0.6251939894377438,0.7993698216332651,1.0,0.0,0.0,0.0,0.0,0.0
90,0.3141428773386546,0.4217514012433346,0.6908889547102464,0.4352449488897356,Ghoul,0.300705927781344,0.1324901987081905,0.0986857473826089,0.1778742444507162,0.7448355312092922,0.6299690366043055,0.0,0.0,0.0,0.0,0.0,1.0
91,0.2871931864179819,0.5308524632922635,0.4667249454869934,0.2999927060981274,Goblin,0.1400140794001441,0.1524572104507399,0.0824799263249137,0.281804337783464,0.5409935836052308,0.6427474715550034,0.0,0.0,0.0,0.0,1.0,0.0
93,0.4817163588057449,0.5272508210222587,0.7402698805197881,0.7008569048181902,Ghoul,0.5188232571912302,0.253985345680182,0.2320506503410652,0.2779934282686459,0.9136206211411428,0.9467458501318216,0.0,1.0,0.0,0.0,0.0,0.0
94,0.268141288100927,0.6652239196235308,0.2349438320381451,0.3216226096769483,Ghost,0.0755632483876108,0.1783739986834011,0.0718997503844243,0.4425228632392937,0.403078195791149,1.368875778219835,0.0,0.0,0.0,1.0,0.0,0.0
95,0.3628871069153425,0.64872488487384,0.6311837728986085,0.4450454788106796,Goblin,0.2809054844271924,0.2354138966558564,0.1316870523653872,0.4208439762545768,0.5593765887677113,0.7050853445003319,0.0,0.0,0.0,1.0,0.0,0.0
96,0.2952291420624456,0.3318093785082954,0.5868540657573691,0.4908787937274375,Goblin,0.2880742158930196,0.0979597981452773,0.0871602463229276,0.1100974636660612,0.8897284522370502,0.8364437735575799,0.0,0.0,0.0,1.0,0.0,0.0
103,0.5716187693902656,0.4319547492504906,0.6413094293590536,0.4622948816175269,Ghoul,0.2964740667257474,0.2469134421988461,0.3267480175192416,0.1865849054000542,1.3232995756762351,0.7208496428676002,1.0,0.0,0.0,0.0,0.0,0.0
107,0.4954670559912866,0.5518773502059889,0.8093298419777889,0.9077121347405334,Ghoul,0.7346385185708773,0.2734370459748336,0.2454876035726727,0.3045686096703837,0.8977684591001339,1.1215463364837588,0.0,0.0,0.0,0.0,1.0,0.0
109,0.4451317166643472,0.9324660949062564,0.2187315417015251,0.0433212009255868,Ghost,0.0094757130668151,0.415070233556922,0.1981422451805486,0.8694930181497236,0.4773652848538676,0.1980474334623598,0.0,0.0,0.0,1.0,0.0,0.0
111,0.6276523661689718,0.840049257185007,0.4148160632278105,0.4886172080770984,Goblin,0.2026862666799058,0.5272589039706568,0.393947492757509,0.7056827544970821,0.7471524904947787,1.1778845434038312,0.0,0.0,0.0,0.0,1.0,0.0
113,0.397258025900726,0.6729848049771036,0.5516643383579455,0.1593670043648448,Ghost,0.0879170930190199,0.2673486150863892,0.1578139391425419,0.4529085477300701,0.5902839412174087,0.2888787701077405,0.0,0.0,0.0,0.0,0.0,1.0
115,0.6785187395803213,0.4768210026454308,0.477151808358027,0.4893578586829505,Goblin,0.2334979872047816,0.3235319857204027,0.4603876799616678,0.2273582685637939,1.422975301135913,1.0255595693353825,0.0,0.0,1.0,0.0,0.0,0.0
118,0.3043015261984808,0.4630147238334417,0.3853868557785362,0.2193125275944253,Ghost,0.084520165442459,0.1408960871148844,0.0925994188467246,0.2143826344865583,0.6572036233381426,0.5690563488158052,0.0,0.0,0.0,1.0,0.0,0.0
119,0.5152749837361404,0.5826271870287086,0.5687211851289684,0.5340786157865054,Goblin,0.3037418233221403,0.3002132143204511,0.2655083088642798,0.3394544390649858,0.8843839617651302,0.939070389933682,0.0,0.0,0.0,1.0,0.0,0.0
125,0.5042364852535262,0.6207580903425556,0.3410744137269793,0.3485782632164919,Ghost,0.1188911267645336,0.313008877667021,0.2542544330608295,0.3853406067257364,0.8122783582114791,1.0219706594260007,1.0,0.0,0.0,0.0,0.0,0.0
128,0.5126766858793707,0.4174737785189097,0.678072186028185,0.7963323704355315,Ghoul,0.5399708312262272,0.214029073212613,0.2628373842442549,0.1742843557508556,1.2280158230295148,1.1743891623226206,0.0,0.0,0.0,0.0,0.0,1.0
129,0.622413651059006,0.4976141148296257,0.4654186935799081,0.4591407549234579,Goblin,0.2136926903257685,0.3097218180296028,0.3873987530246021,0.2476198072776719,1.250770677124651,0.9864900064323804,0.0,0.0,0.0,1.0,0.0,0.0
130,0.2086251737392714,0.5192351448449374,0.6195587471733435,0.2921310204613237,Goblin,0.1809923290474881,0.1083255223048108,0.0435244631177411,0.2696051356421431,0.4017855069238506,0.4715070309697062,0.0,0.0,0.0,0.0,1.0,0.0
131,0.7535051395445669,0.5114129864982715,0.6849794403737177,0.5015436658450332,Ghoul,0.3435470995535137,0.3853523137562837,0.5677699953200772,0.2615432427590812,1.4733501610943207,0.7321918211927474,0.0,0.0,0.0,0.0,0.0,1.0
133,0.4909877679338796,0.5451445622258867,0.4925270324802118,0.3023012050644125,Goblin,0.148891515445567,0.26765931180858,0.2410689882606932,0.2971825937244536,0.9006395652806389,0.6137634028088188,1.0,0.0,0.0,0.0,0.0,0.0
141,0.6654319716727949,0.5648697805869589,0.5959881099885534,0.6471415616675186,Ghoul,0.3856886762332653,0.3758824118343591,0.4427997089243433,0.3190778690203591,1.1780063555848177,1.0858114326569717,0.0,0.0,0.0,0.0,0.0,1.0
142,0.6096342602281953,0.6460369600561043,0.2437552812322784,0.3482399469310024,Ghost,0.0848853262004802,0.3938462642238753,0.371653931243979,0.4173637537585326,0.9436376887761428,1.4285871440370232,1.0,0.0,0.0,0.0,0.0,0.0
143,0.424968992569728,0.2402987129911261,0.3386778672633181,0.0889244709798438,Ghost,0.0301167501789723,0.102119501975641,0.1805986446457295,0.0577434714651915,1.768429397669908,0.2625558207867779,0.0,0.0,0.0,0.0,0.0,1.0
155,0.6441755544149369,0.5938440718774165,0.7280790531235288,0.5617819587476738,Ghoul,0.4090216765868876,0.3825398342376584,0.4149621449057913,0.3526507817039502,1.0847371179563248,0.7715841301796924,0.0,0.0,0.0,1.0,0.0,0.0
157,0.3114182158972507,0.8154660553409373,0.4610676058384106,0.1271486012819079,Ghost,0.0586241011787519,0.2539509840790434,0.0969813051926266,0.6649848874133086,0.3818851747486955,0.2757639921607219,1.0,0.0,0.0,0.0,0.0,0.0
159,0.2275320914606136,0.4910821279651651,0.6168465079037313,0.4800460331707734,Ghoul,0.2961147191944303,0.1117369436548427,0.051770852644441,0.2411616564067948,0.4633185475877822,0.7782134532423398,1.0,0.0,0.0,0.0,0.0,0.0
161,0.3152760326328197,0.5870527657111461,0.4461893168527103,0.8008532560215341,Ghoul,0.357332167203517,0.1850836669195343,0.0993989767526908,0.3446309497291057,0.5370397358635172,1.7948329945244952,0.0,0.0,0.0,0.0,0.0,1.0
162,0.3907691600665572,0.8017205790038657,0.2052363255231178,0.1278768795128998,Ghost,0.02624498087059,0.3132876772654145,0.1527005364591226,0.6427558867982938,0.487407079510526,0.6230410176015378,0.0,0.0,0.0,0.0,0.0,1.0
163,0.3489914240082382,0.5642329962952519,0.4811904007635504,0.177172419325805,Ghost,0.0852536674596319,0.1969124768495149,0.1217950140312978,0.3183588741083177,0.6185126378168124,0.368188428448261,0.0,0.0,0.0,0.0,0.0,1.0
165,0.5102421707697722,0.4033650680159029,0.6904104961933827,0.4795252725047397,Ghoul,0.3310692813272644,0.2058138679171311,0.2603470728318494,0.1627033780954739,1.2649323451732424,0.6945408995656867,0.0,0.0,0.0,0.0,1.0,0.0
168,0.5861772994209699,0.4695342721294384,0.7643118029629932,0.2808536942554318,Ghoul,0.2146597934251863,0.2752303316224249,0.3436038263564613,0.2204624327041215,1.2483962305888368,0.3674547725403957,0.0,0.0,0.0,0.0,0.0,1.0
170,0.4808360007818567,0.4079301522351624,0.5390045850320772,0.495069123498046,Goblin,0.2668445274732584,0.1961475029990894,0.2312032596478896,0.1664070091026027,1.178692507092738,0.9184707376120148,0.0,0.0,0.0,1.0,0.0,0.0
172,0.4983363846536767,0.3743743919162575,0.579925795870067,0.511726043098702,Goblin,0.2967631328114549,0.1865643809744664,0.2483391522696972,0.1401561853226675,1.3310821589088704,0.8823839582638089,0.0,0.0,0.0,1.0,0.0,0.0
174,0.2370457471214508,0.6346434213160785,0.2906553190256964,0.3042831010111143,Ghost,0.0884415017985136,0.1504395239615835,0.0561906862283668,0.4027722722197775,0.3735042452459957,1.0468503845971868,0.0,0.0,0.0,0.0,0.0,1.0
175,0.6313272032845839,0.4117492485446649,0.7076088912170572,0.7694553869322027,Ghoul,0.5444734731880877,0.2599485015382323,0.3985740376071343,0.1695374436770962,1.5332435288726776,1.087386722546074,0.0,0.0,0.0,1.0,0.0,0.0
176,0.501305752172094,0.5369953815809708,0.6311991484505178,0.5911064565425131,Ghoul,0.3731058920132373,0.2691988736763892,0.251307457160829,0.2883640398392924,0.9335209094110468,0.9364668715489184,0.0,0.0,0.0,1.0,0.0,0.0
177,0.5185598890791936,0.80851369252322,0.3239206175746259,0.5745054710533029,Ghost,0.1860941669835872,0.4192627707138502,0.2689043585618255,0.653694390997532,0.6413663494026813,1.773544826836106,0.0,0.0,0.0,0.0,0.0,1.0
180,0.4869701692454384,0.5116166152561679,0.3651420442153378,0.1715391821159406,Ghost,0.0626361676208416,0.2491420297200744,0.2371399457349309,0.2617515610061777,0.951807733852188,0.4697746728614241,0.0,0.0,0.0,0.0,0.0,1.0
185,0.5168138020971651,0.4637075753844064,0.3218666509759288,0.0094016158786619,Ghost,0.003026066616627,0.2396504750956728,0.2670965060381277,0.2150247154688849,1.1145012169718684,0.0292087538818247,0.0,0.0,0.0,0.0,1.0,0.0
186,0.485801814781045,0.5719078529210007,0.6565276392185239,0.465084500998666,Goblin,0.3053408294777794,0.2778338728365531,0.2360034032445567,0.3270785922327089,0.8494258612489041,0.7083896995643018,1.0,0.0,0.0,0.0,0.0,0.0
189,0.3751966948379099,0.7429532573402512,0.3207643667068983,0.2434395068656316,Ghost,0.0780867192511939,0.2787536065731213,0.1407725598172917,0.5519795425924895,0.5050003363303375,0.7589119709433328,0.0,0.0,1.0,0.0,0.0,0.0
192,0.3440868558121701,0.2446619396923098,0.5299634775383124,0.3771214225861956,Goblin,0.1998605805679756,0.0841849575656336,0.1183957643427051,0.0598594647340034,1.4063192380984952,0.7115854633667645,0.0,0.0,0.0,1.0,0.0,0.0
193,0.5147166050287932,0.446317802784173,0.6224889268626522,0.7826990352369126,Ghoul,0.4872214825010589,0.22972718421298,0.2649331834923667,0.1991995810820919,1.1532255033587733,1.2573500153352182,0.0,0.0,0.0,0.0,0.0,1.0
194,0.4645909855146808,0.7154008068229857,0.6235057827956325,0.2965062830705051,Goblin,0.1848733821296986,0.3323687658798887,0.2158447838215023,0.5117983144029788,0.6494044835272312,0.4755393387815652,1.0,0.0,0.0,0.0,0.0,0.0
195,0.521779901441308,0.2776273196630995,0.7012144413253804,0.5675633245510552,Ghoul,0.3979835995418437,0.1448603554912265,0.2722542655481011,0.0770769286233168,1.8793579410522496,0.8093889646491885,0.0,0.0,0.0,1.0,0.0,0.0
197,0.6008978671842379,0.4117295844307556,0.7177272978235335,0.5316405586386899,Ghoul,0.3815729415651407,0.2474074291410936,0.3610782467865659,0.1695212506955226,1.4594124293757187,0.740717474556271,0.0,0.0,0.0,0.0,0.0,1.0
199,0.1970706602286833,0.4556863326723576,0.4514895721192367,0.4175156742278211,Ghost,0.1885039731101935,0.0898024064369289,0.0388368451229691,0.2076500337843825,0.4324604919969275,0.9247310518326676,0.0,0.0,0.0,1.0,0.0,0.0
204,0.3508380816775922,0.4546369544968154,0.7830008912984777,0.6744786043392166,Ghoul,0.5281173483593599,0.1595039569754054,0.1230873595552128,0.2066947603941394,0.7716714655350223,0.8613910889805371,0.0,0.0,0.0,1.0,0.0,0.0
205,0.3788110345115076,0.3472874989749956,0.6644342774170744,0.5041788374944127,Goblin,0.3349937015795807,0.1315563367596322,0.1434977998676786,0.1206086069443075,1.0907393103305385,0.758797772259144,0.0,0.0,0.0,1.0,0.0,0.0
206,0.4406963474555094,0.4088721970010666,0.5419660479254961,0.5690111635288884,Ghoul,0.3083847315232398,0.1801884837944795,0.194213270660627,0.167176473480479,1.0778076196219415,1.049882491499161,0.0,0.0,0.0,0.0,0.0,1.0
208,0.6194680108100487,0.4656137262655644,0.3679139233883964,0.5358577412186541,Goblin,0.197149523949799,0.2884328088155837,0.3837406164169585,0.2167961420869039,1.3304047364131537,1.456436255309714,1.0,0.0,0.0,0.0,0.0,0.0
215,0.5803025204175463,0.1797270831682676,0.5159266836490247,0.6234190564594687,Goblin,0.3216385263227378,0.1042960793498396,0.3367510152029567,0.0323018244241733,3.228618770197101,1.208324734830371,0.0,0.0,0.0,1.0,0.0,0.0
216,0.3415388791939475,0.6891394813961645,0.3139479672049924,0.055464022849426,Ghost,0.0174128172265885,0.2353679260843442,0.1166488060010578,0.4749132248189746,0.4955947706758999,0.1766606636652475,1.0,0.0,0.0,0.0,0.0,0.0
218,0.3654367072896388,0.5131153911113325,0.4680374498054059,0.5460900739076539,Goblin,0.2555906055557839,0.1875111989873605,0.1335439870346931,0.2632874045953357,0.7121781802653968,1.1667408382092344,0.0,0.0,0.0,0.0,1.0,0.0
219,0.4315007990246001,0.3495548972395665,0.4689364528322659,0.1944133104434503,Goblin,0.0911674881827297,0.1508332174618349,0.1861929395588683,0.1221886261841639,1.2343939635588772,0.414574647636771,0.0,0.0,0.0,0.0,0.0,1.0
222,0.3135062136463118,0.6168030074339836,0.3964819211799767,0.4479461449165569,Ghost,0.1776025481216807,0.1933715754262861,0.0982861459948469,0.3804459499796069,0.5082678378501378,1.1297737002646868,0.0,0.0,1.0,0.0,0.0,0.0
224,0.4717644966252061,0.8014650017737079,0.2306190615329712,0.2850665553974325,Ghost,0.0657417814801926,0.3781027331244932,0.2225617402760341,0.6423461490681297,0.5886203507048449,1.2360391769476926,1.0,0.0,0.0,0.0,0.0,0.0
226,0.2078738482492294,0.5452936782968371,0.3579873822644758,0.4840546343724389,Ghost,0.1732854514319773,0.1133522953335408,0.0432115367859436,0.2973451955904944,0.3812074932237536,1.3521178040761104,0.0,0.0,0.0,1.0,0.0,0.0
227,0.318316195910614,0.6617520007068656,0.47646865712531,0.2331355777366279,Ghost,0.1110817956523044,0.2106463795012474,0.1013252005790043,0.4379157104395394,0.4810131067825025,0.4892886055866194,0.0,0.0,0.0,0.0,1.0,0.0
229,0.3059428946213542,0.2875228152208341,0.3367107120179355,0.3180327182965733,Goblin,0.1070850230226387,0.0879655623583427,0.093601054769293,0.0826693692725139,1.0640277506634523,0.9445000172119892,0.0,0.0,0.0,0.0,0.0,1.0
230,0.252512821690625,0.4790928328070188,0.6588470862855409,0.3309152241162056,Goblin,0.2180225312164888,0.1209770830638551,0.0637627251181613,0.229529942447054,0.5270534933203712,0.5022564544032101,0.0,0.0,0.0,0.0,0.0,1.0
233,0.5198274000967964,0.5684410219497119,0.4341712308544054,0.3518509542111916,Ghost,0.1527635618671701,0.2954912185484847,0.2702205258913948,0.3231251954352329,0.9144629528747388,0.8103780845588378,0.0,0.0,0.0,1.0,0.0,0.0
237,0.4507593196196853,0.5426486748724326,0.7952065996029921,0.7394285224985448,Ghoul,0.5879984410255324,0.2446039474780215,0.2031839642240016,0.2944675843408071,0.8306497997579217,0.9298454318832138,0.0,0.0,0.0,0.0,0.0,1.0
247,0.4527408048904949,0.3841326097610991,0.3055935585139359,0.3718074755513306,Goblin,0.1136219695358143,0.1739125069279263,0.2049742364128931,0.1475578618818728,1.1785748141088994,1.2166333316252131,0.0,0.0,1.0,0.0,0.0,0.0
258,0.440854689448784,0.4327103997843644,0.6439888699324209,0.3222355709868215,Goblin,0.2075161212118315,0.1907624089181951,0.1943528572089837,0.1872382900815444,1.018798026782359,0.5003666714828798,0.0,0.0,0.0,0.0,0.0,1.0
261,0.4967339773850895,0.5324864850401149,0.7097083496232938,0.6490072648772257,Ghoul,0.4606058748495437,0.2645041296177822,0.2467446442888106,0.2835418567503764,0.9328399178966764,0.9144574960217776,0.0,0.0,0.0,1.0,0.0,0.0
262,0.2987971154664525,0.5533702745196366,0.3066823430350168,0.3608534668174701,Ghost,0.1106673866958904,0.1653454418113463,0.0892797162110725,0.306218660721938,0.5399489812422827,1.1765975741242076,0.0,0.0,0.0,0.0,0.0,1.0
263,0.4767300230361486,0.2424195416971536,0.2942143044827539,0.3177953129419818,Goblin,0.0934999269651043,0.1155686736976966,0.2272715148640467,0.0587672341966579,1.9664683590075276,1.0801123771901364,1.0,0.0,0.0,0.0,0.0,0.0
264,0.5325901084246948,0.3756975484912491,0.5538274795707618,0.6794031601976999,Ghoul,0.3762721398247026,0.2000927980858463,0.2836522235918281,0.1411486479423344,1.4175656320014016,1.2267193630959297,0.0,0.0,0.0,1.0,0.0,0.0
265,0.3179382931526625,0.652679852191937,0.3900567463337536,0.2936316647964402,Ghost,0.1145330117910628,0.2075119181810364,0.1010847582528283,0.4259909894572887,0.4871200189261808,0.752772871710524,0.0,0.0,0.0,0.0,1.0,0.0
266,0.4891323934260234,0.4813039836446962,0.4826913519554032,0.4600806815642914,Goblin,0.2220769661928311,0.2354213694856098,0.2392504982986701,0.2316535246722539,1.0162438866249497,0.9531373378187644,0.0,0.0,0.0,0.0,0.0,1.0
268,0.4809411831883035,0.742554747375239,0.32906119541444,0.4299330240052756,Ghost,0.1414742748273211,0.3571251587847392,0.2313044216865653,0.5513875528495049,0.6476757547248204,1.306504580152656,0.0,0.0,0.0,0.0,0.0,1.0
272,0.365032200646103,0.5243581561868756,0.3284001364274935,0.3259061874219192,Ghost,0.1070276364119225,0.1914076116796282,0.1332485075085367,0.2749514759596999,0.6961372393406969,0.992375542872054,0.0,0.0,0.0,0.0,0.0,1.0
282,0.4538691895009534,0.2597010316628004,0.5814003518123008,0.5678428976117842,Goblin,0.3301440604456076,0.1178702967533566,0.2059972411782523,0.0674446258467228,1.7475930328991225,0.976664580948334,0.0,1.0,0.0,0.0,0.0,0.0
283,0.2955754351347911,0.4337794887819349,0.4626285838932552,0.0364572223789816,Ghost,0.0168661531618697,0.1282145611492676,0.0873648378551211,0.1881646448879168,0.6813798922716089,0.0788028142231072,0.0,0.0,0.0,1.0,0.0,0.0
285,0.587570659847358,0.4480597878912994,0.7063117660573961,0.5834153354713172,Ghoul,0.4120731159417142,0.2632667852223581,0.3452392803134597,0.2007575735251962,1.3113373758417766,0.8259908776815305,0.0,0.0,0.0,1.0,0.0,0.0
286,0.2734580108777351,0.4632385597037065,0.4535154573557917,0.3363903219681988,Goblin,0.1525582107174697,0.1266762950984425,0.0747792837132074,0.2145899631963644,0.5903051507653659,0.741723130448882,0.0,0.0,0.0,0.0,0.0,1.0
287,0.3395008141245191,0.3369807418542262,0.4924410100563741,0.3455920106968366,Goblin,0.1701836788149634,0.1144052362037942,0.1152608027912112,0.1135560203806246,1.0074484902952576,0.7017794737739992,0.0,0.0,0.0,0.0,0.0,1.0
291,0.5724939664603133,0.5163349364085007,0.4630626092109058,0.2910043295465112,Ghost,0.1347532241314777,0.2955986357665361,0.3277493416334622,0.2666017665559704,1.1087432568669384,0.6284205192839933,0.0,0.0,0.0,0.0,0.0,1.0
293,0.5053752538799586,0.3275780661167667,0.6504305254894994,0.5280153363603927,Goblin,0.343437292695405,0.1655498483292668,0.2554041472342326,0.1073073894008007,1.5427157035074066,0.8117811170560542,0.0,0.0,0.0,0.0,1.0,0.0
294,0.4720591455885397,0.4939858508386243,0.5566914355021801,0.5637201631341431,Ghoul,0.3138181868366693,0.2331905386797088,0.2228398369337821,0.2440220208287595,0.9555933410921488,1.012607705287542,0.0,0.0,0.0,1.0,0.0,0.0
296,0.3733050871065359,0.7690334042494513,0.5405491438378014,0.495465570851785,Ghost,0.2678234901250399,0.2870840819611773,0.1393566880596183,0.5914123768515,0.4854148479055787,0.9165797609751524,0.0,0.0,0.0,0.0,0.0,1.0
299,0.4113532318763664,0.4926212497215249,0.4377453223826534,0.2761631226500659,Ghost,0.1208891151546533,0.2026413431639238,0.1692114813751316,0.2426756956771969,0.8350124603522342,0.6308618274403628,0.0,0.0,0.0,0.0,1.0,0.0
300,0.3877299926209585,0.6595345001464734,0.3561078481838985,0.5509678477856494,Goblin,0.1962039746934613,0.2557213068750597,0.1503345471778485,0.4349857568834585,0.5878754087629423,1.5471503340689927,0.0,0.0,0.0,0.0,1.0,0.0
301,0.4440092595626775,0.416513187840329,0.7187616727437887,0.5080565482452986,Ghoul,0.3651715744652261,0.1849357121310748,0.1971442225773971,0.1734832356449131,1.0659892954936403,0.7068399708990744,0.0,0.0,0.0,1.0,0.0,0.0
302,0.3513153022774596,0.4661335273167037,0.75659427100265,0.6092226071235277,Ghoul,0.4609343343149593,0.1637598410509262,0.1234224416143028,0.2172804652887121,0.7536633712362407,0.8052064077251211,1.0,0.0,0.0,0.0,0.0,0.0
305,0.4349977494520962,0.4126126083031732,0.7533312606217331,0.6125769935483754,Ghoul,0.4614733987776688,0.1794855560074396,0.1892230420283886,0.1702491645307478,1.0542266485128775,0.8131467444685231,0.0,0.0,0.0,0.0,1.0,0.0
306,0.6091606601249137,0.7177670195132709,0.6588476466097875,0.4663716652206057,Ghoul,0.3072678740760837,0.4372354314225959,0.3710767098438206,0.5151894943009643,0.8486767388262016,0.707848907302456,0.0,0.0,0.0,0.0,0.0,1.0
307,0.6671816209592498,0.4141397988501861,0.5187103317800108,0.4562133032583986,Ghoul,0.2366425538956186,0.2763064623006048,0.4451313153458121,0.1715117729916725,1.6109669081370122,0.8794976315905786,0.0,0.0,0.0,1.0,0.0,0.0
313,0.6178324098326736,0.2808683390927275,0.5275759263590484,0.6972681307061295,Goblin,0.3678618799779283,0.1735295627873603,0.3817168866396487,0.0788870239047073,2.1996442012166204,1.3216200354662304,0.0,0.0,0.0,1.0,0.0,0.0
315,0.3583113280000451,0.6217277259064756,0.5594994385327345,0.7616206764375024,Goblin,0.4261263408417041,0.2227720871239973,0.1283870077731559,0.3865453651608377,0.576306235040889,1.3612293626981296,0.0,0.0,1.0,0.0,0.0,0.0
321,0.5841766673316365,0.4453502019297329,0.7143234732571501,0.6502638308796707,Ghoul,0.4644987182074663,0.2601631967587827,0.3412623786546975,0.1983368023588538,1.311694814220974,0.9103084976749856,0.0,0.0,0.0,1.0,0.0,0.0
323,0.3247693380948151,0.2771099347866524,0.8006455073380017,0.3596816845870296,Goblin,0.2879775248363694,0.0899968101001584,0.1054751229665443,0.0767899159574627,1.171945058174349,0.4492340104958371,0.0,0.0,0.0,1.0,0.0,0.0
324,0.2971478482685644,0.531544217494227,0.3120016037441498,0.3826995550048712,Goblin,0.1194028749136922,0.1579472204880073,0.0882968437306377,0.2825392551515501,0.5590170080285208,1.2265555204116243,0.0,0.0,0.0,1.0,0.0,0.0
325,0.3515617488056713,0.4574899181315408,0.5479770541342132,0.3683700124904728,Goblin,0.2018583142759125,0.1608359556792878,0.1235956632233019,0.2092970251920038,0.7684411185065829,0.6722239325023389,0.0,0.0,0.0,0.0,0.0,1.0
327,0.4161517532856235,0.4180867866748625,0.8020772958890946,0.4549219367786182,Ghoul,0.3648825568920237,0.1739875493002964,0.1731822817626984,0.1747965611921119,0.9953478872566616,0.5671725996786274,0.0,0.0,0.0,1.0,0.0,0.0
329,0.379547939481265,0.3366204159135075,0.5132440884492735,0.3710145909474462,Goblin,0.1904210455322021,0.1277635852472982,0.1440566383644739,0.1133133044097827,1.1274915204892968,0.722867287951696,0.0,0.0,0.0,0.0,0.0,1.0
333,0.3842352341392903,0.3934511376126063,0.3537460225757103,0.4908843315183884,Goblin,0.1736483798193663,0.1511777899829499,0.1476367151540752,0.154803797688654,0.9765519320934825,1.3876352632648965,0.0,0.0,0.0,0.0,0.0,1.0
336,0.5981661180958543,0.5937412278353883,0.3571884062926715,0.2601604796771369,Ghost,0.0929263071162134,0.3551558854077604,0.3578027048378635,0.3525286456314744,1.0074355892729034,0.7283360594391165,0.0,0.0,0.0,0.0,1.0,0.0
338,0.3692739347589883,0.7448295880889986,0.6539385877943338,0.6759611115419202,Goblin,0.4420370546856114,0.275046152718541,0.1363632388923855,0.5547711152928273,0.495776460682518,1.033660939343613,0.0,0.0,0.0,0.0,0.0,1.0
339,0.5349876694608388,0.4774191187499793,0.7193506301355973,0.44744371634454,Ghoul,0.3218689193026583,0.2554133416960988,0.2862118064751396,0.2279290149480068,1.1205593635795847,0.6220019522894911,0.0,0.0,0.0,1.0,0.0,0.0
340,0.3033905089671853,0.4762170807794643,0.597166809659954,0.292292888616969,Ghost,0.1745476117816876,0.1444797425165488,0.0920458009313677,0.2267827080261148,0.6370710974071678,0.4894578689072123,0.0,0.0,0.0,1.0,0.0,0.0
342,0.3262947716331351,0.5145990861833679,0.3816550953050476,0.420199005042207,Ghost,0.1603710913164696,0.167910991308822,0.1064682779951197,0.2648122195007573,0.6340633704179647,1.1009626245920157,0.0,0.0,0.0,0.0,0.0,1.0
343,0.4244927698345165,0.273025586846547,0.3936569335886848,0.3639073342700609,Goblin,0.1432546453191847,0.115897387596185,0.1801941116417798,0.0745429710729013,1.5547159062202844,0.9244041173401736,0.0,0.0,0.0,1.0,0.0,0.0
346,0.5289868407342713,0.4961388668470776,0.7169969375107043,0.3325922146699069,Goblin,0.2384675993582259,0.2624509317389168,0.2798270776700253,0.2461537751963022,1.0661857278761355,0.4638619199761113,0.0,0.0,0.0,0.0,0.0,1.0
351,0.5277621870564683,0.6858696268930651,0.5844348854528356,0.5571361352049744,Goblin,0.3256097933601548,0.3619760543246879,0.2785329260866266,0.4704171450944323,0.7694676534527701,0.9532740367353852,0.0,0.0,0.0,1.0,0.0,0.0
355,0.4212165789711813,0.5491650001888863,0.4741284357838143,0.4259933073478842,Ghost,0.201975540467226,0.2313174026702708,0.1774234064001854,0.3015821974324594,0.7669988233737985,0.89845765539691,0.0,0.0,0.0,1.0,0.0,0.0
358,0.3329053684891241,0.4948954831566405,0.4747881424513825,0.5149436616217669,Ghost,0.2444891445685119,0.1647533631838645,0.1108259843688795,0.2449215392488446,0.6726645386221304,1.0845528143035963,0.0,1.0,0.0,0.0,0.0,0.0
359,0.2918155291243502,0.4984004409325759,0.5876280121451709,0.23796628009425,Ghost,0.139835652129365,0.1454409883865491,0.0851563030381244,0.248402999521786,0.58549240778009,0.4049538579465865,0.0,0.0,0.0,1.0,0.0,0.0
362,0.6694190901475464,0.6725879228022708,0.8830876232400002,0.5244924107920369,Ghoul,0.4631727564537577,0.4502431953265243,0.4481219182539688,0.4523745138994733,0.9952737994766916,0.5939234768492805,0.0,0.0,0.0,1.0,0.0,0.0
366,0.3215295334810629,0.4568228038560695,0.3201452795039712,0.4151553339725777,Ghost,0.1329100204322154,0.1468820230073531,0.1033812409005499,0.2086870741229209,0.7038232166496619,1.2967311818683538,0.0,0.0,0.0,0.0,0.0,1.0
367,0.5598250745457363,0.6490876676431611,0.7592953828709256,0.6569434116684002,Ghoul,0.49881409928729,0.3633755519250507,0.3134041140901392,0.4213148002864387,0.8624666247506808,0.8651899834879403,0.0,0.0,0.0,0.0,0.0,1.0
368,0.329668208763034,0.3319987444321495,0.3964286740824388,0.5071423107372529,Goblin,0.2010457538166733,0.109449431388523,0.1086811278690273,0.1102231663045237,0.9929503794452202,1.2792453004516744,0.0,0.0,0.0,1.0,0.0,0.0
369,0.4068796467950714,0.4644902594238498,0.5381458572290391,0.6008270879099518,Goblin,0.3233326082697282,0.188991632694127,0.165551046976082,0.2157512010996353,0.8759513876262436,1.116455539485543,0.0,0.0,0.0,0.0,0.0,1.0
375,0.2505228367580467,0.6505063231898652,0.3849252739965028,0.3858816614586571,Ghost,0.1485356042671993,0.1629666894145718,0.0627616917372989,0.4231584765099974,0.3851138362363999,1.0024585625846358,0.0,1.0,0.0,0.0,0.0,0.0
385,0.1929085720034292,0.5040901836090697,0.3836788202425789,0.3075337519855106,Ghost,0.1179941871465745,0.097243317480972,0.0372137171524022,0.2541069132110256,0.3826790353899773,0.8015186676303966,0.0,0.0,0.0,1.0,0.0,0.0
387,0.306695276031629,0.5439048757110356,0.2530289743046057,0.385886526396036,Ghost,0.0976404719719561,0.1668130559911449,0.0940619923401171,0.2958325138222371,0.5638663138799063,1.5250082618952991,0.0,0.0,0.0,0.0,1.0,0.0
389,0.3899276800513611,0.4027292855860745,0.474254675734824,0.4193194969992285,Goblin,0.1988642320786586,0.15703529601732,0.1520435956702366,0.1621908774686699,0.9681888358219892,0.8841465925108936,0.0,0.0,0.0,0.0,0.0,1.0
390,0.2527332023614684,0.4587455024137721,0.5968352850010129,0.6830894876636203,Goblin,0.4076919090509127,0.1159402198939533,0.0638740715758829,0.2104474359848641,0.5509104545486563,1.1445000988195142,0.0,0.0,0.0,1.0,0.0,0.0
393,0.6304705900407669,0.5810286766348954,0.6472514228287934,0.5052134266801225,Ghoul,0.3270001092509196,0.3663214925886084,0.3974931649063527,0.3375943230720979,1.0850750825954618,0.7805399933648697,0.0,0.0,0.0,1.0,0.0,0.0
394,0.476768596926305,0.4384141063893932,0.5863935520579039,0.5833937494035416,Goblin,0.3420983329611214,0.2090220783759708,0.2273082950150775,0.1922069286812102,1.0874598134046387,0.9948673526212456,0.0,0.0,0.0,1.0,0.0,0.0
397,0.4307970001287445,0.4447872166811465,0.6301836580112177,0.6110125099756385,Goblin,0.3850500986270635,0.1916129986418517,0.1855860553199255,0.1978356681229612,0.9685244960459406,0.9695630893904716,0.0,0.0,0.0,0.0,0.0,1.0
399,0.8170014327207992,0.4008079586715121,0.4370467247806591,0.6482301732469332,Ghoul,0.2833068741215714,0.3274606764805242,0.6674913410678386,0.1606470197344245,2.038335396519415,1.483171717749575,0.0,0.0,0.0,0.0,1.0,0.0
401,0.4973169405876106,0.4715800497245867,0.3917703338386066,0.3676887196731881,Goblin,0.1440495324550547,0.2345247475711847,0.247324139395421,0.2223877432982436,1.054553506542491,0.9385073417816244,1.0,0.0,0.0,0.0,0.0,0.0
404,0.4039945561609049,0.6826874128762553,0.372529062910916,0.4995204310577366,Ghost,0.1860858780867954,0.2758019983615792,0.1632116014076465,0.4660621036996747,0.5917622486056386,1.3408538346411882,0.0,0.0,0.0,1.0,0.0,0.0
409,0.2247975441428196,0.606908116591905,0.4467212961211418,0.4122325749081624,Ghost,0.1841530701663299,0.1364314541302042,0.0505339358526429,0.3683374619851334,0.3703918831837651,0.9227752308546024,0.0,0.0,0.0,0.0,0.0,1.0
410,0.4460409758551139,0.2361419389059373,0.6209124499240235,0.612720425460397,Goblin,0.3804457404911051,0.1053289808699229,0.1989525521417822,0.0557630153102554,1.888788116335468,0.986790581553896,0.0,0.0,0.0,1.0,0.0,0.0
412,0.4811412516657063,0.696810441096866,0.1626113404419526,0.4534650235972716,Ghost,0.073738555330694,0.335264247803079,0.2314969040544425,0.4855447908216089,0.6904809665289687,2.788471810433361,0.0,1.0,0.0,0.0,0.0,0.0
416,0.5949939542985202,0.5274299447627853,0.4036303110740407,0.2867936496225201,Goblin,0.1157586100111972,0.3138176284498596,0.3540178056517895,0.2781823466324747,1.128079054699047,0.7105178589804249,0.0,0.0,0.0,0.0,0.0,1.0
419,0.327031355299676,0.6084808047653021,0.3104686239329647,0.3566989716589245,Ghost,0.1107438388892498,0.1989923022562342,0.1069495073491429,0.3702488897678296,0.5374466676218939,1.148868051334636,0.0,0.0,0.0,0.0,1.0,0.0
421,0.0610318174675915,0.5785669708276374,0.4154396195689134,0.4970978901051466,Ghost,0.2065141583537916,0.0353109937563297,0.0037248827433974,0.3347397397326682,0.105486081446151,1.1965298960219404,1.0,0.0,0.0,0.0,0.0,0.0
422,0.1450707636810195,0.3950601309303976,0.3338835278403494,0.2867734175724535,Ghost,0.0957489203499244,0.0573116748939963,0.0210455264749942,0.1560725070507429,0.3672025605665888,0.8588768384560412,0.0,0.0,0.0,1.0,0.0,0.0
427,0.5408063266621841,0.3233651839767509,0.6906053188576596,0.6984804653455878,Ghoul,0.4823743244858361,0.174877937316908,0.292471482957845,0.1045650422083179,1.6723804220581917,1.011388607048187,0.0,0.0,0.0,0.0,0.0,1.0
428,0.1009445515509307,0.6955645046333692,0.2356688068470746,0.0644682675100267,Ghost,0.015193159683586,0.0702134469949607,0.0101898024878185,0.4838099801058642,0.1451239958890351,0.2735429136479732,0.0,0.0,0.0,0.0,0.0,1.0
429,0.4532135030785801,0.4752234521836369,0.5587764002351772,0.2305229311657603,Goblin,0.128810773648465,0.2153776855092422,0.2054024793727581,0.2258373295053334,0.9536649850639136,0.4125421289221424,1.0,0.0,0.0,0.0,0.0,0.0
434,0.4896277054256568,0.552183344874835,0.6796241520339236,0.6270302448657145,Ghoul,0.4261448984664846,0.2703642641253296,0.2397352899203937,0.3049064463571609,0.8866961363625999,0.9225996707040358,1.0,0.0,0.0,0.0,0.0,0.0
435,0.3404421097879367,0.5317012897841024,0.4284977335487106,0.2630632747085554,Ghost,0.1127220169925178,0.1810135088710669,0.1159008301168615,0.282706261558078,0.6402762482740791,0.6139055473514614,0.0,0.0,0.0,0.0,0.0,1.0
447,0.3060435284045266,0.531350036062993,0.2665900033908182,0.3076300030568211,Ghost,0.0820110835580353,0.1626162398545908,0.0936626412782922,0.282332860824144,0.5759626385757114,1.1539009720335809,0.0,0.0,0.0,0.0,0.0,1.0
448,0.5107041762420627,0.6029320678907382,0.5399453057165825,0.7663107982186453,Ghoul,0.4137659182180848,0.3079199250620628,0.2608187556310838,0.3635270784910017,0.8470203083169339,1.4192115349281793,0.0,0.0,0.0,0.0,1.0,0.0
450,0.5072903108860567,0.7081737124336747,0.2591668565055055,0.2091293587758531,Ghost,0.0541993985169499,0.3592496627418117,0.257343459518872,0.5015100069820929,0.7163258657033393,0.8068982763181661,0.0,0.0,0.0,0.0,0.0,1.0
454,0.5715019843857816,0.3157918707393884,0.765131104827964,0.5751389298780695,Goblin,0.4400566848471802,0.1804756807804587,0.3266145181568861,0.0997245056250826,1.8096852404570032,0.7516769472310405,0.0,0.0,0.0,1.0,0.0,0.0
458,0.4984383302504508,0.6537834188650635,0.3787065562118162,0.7089807908097879,Goblin,0.2684956737079048,0.3258707156445333,0.2484407690628574,0.4274327587828911,0.7623789347951873,1.8720617812474372,0.0,0.0,0.0,0.0,0.0,1.0
462,0.2088849510078684,0.399537469172775,0.4217035629833128,0.2168002949099024,Ghost,0.0914254568193388,0.0834573646739628,0.0436329227575595,0.1596301892729861,0.5228038396547595,0.5140937212837074,1.0,0.0,0.0,0.0,0.0,0.0
464,0.2717349813738951,0.5951913758590217,0.1768821916057256,0.2872897954043422,Ghost,0.0508164486370805,0.1617343174329542,0.0738399001022711,0.3542527738969552,0.4565429321827673,1.624095404079121,0.0,0.0,0.0,1.0,0.0,0.0
465,0.4521262527231393,0.6366255253835791,0.1627147242494507,0.0999041666877589,Ghost,0.0162558789339698,0.2878351131795774,0.204418148401468,0.4052920595699181,0.7101806837605062,0.6139458348972814,0.0,0.0,0.0,0.0,0.0,1.0
466,0.5655213379202007,0.422096649509632,0.598681844667116,0.6424059676312402,Ghoul,0.3845967897266346,0.2387046619623211,0.3198143836430537,0.1781655815272571,1.3397593678687028,1.0730160655327283,0.0,0.0,0.0,1.0,0.0,0.0
467,0.3087546910594997,0.7050341195329825,0.6434676262105207,0.5837499669420213,Ghoul,0.3756242055286524,0.2176825917628123,0.0953294592512471,0.4970731097056478,0.4379225108125392,0.9071798974266764,0.0,0.0,0.0,1.0,0.0,0.0
470,0.47120115455526,0.5685423320705383,0.515442066863545,0.3887911641110499,Goblin,0.2003993212076832,0.2678978032851776,0.22203052805421,0.3232403833562062,0.8287735850792356,0.7542721993080574,1.0,0.0,0.0,0.0,0.0,0.0
472,0.6816150258023715,0.5292274653728721,0.6252424092532337,0.6153082208134042,Ghoul,0.3847167944146936,0.3607293924654539,0.4645990433995676,0.2800817101049945,1.287919073004672,0.9840957215155616,0.0,0.0,0.0,0.0,0.0,1.0
476,0.2488544511921411,0.5548717595498727,0.506319610394718,0.0894021549771662,Ghost,0.0452660642764869,0.1380823072048012,0.0619285378781417,0.3078826695459717,0.4484819457644726,0.1765690829486966,0.0,0.0,0.0,0.0,1.0,0.0
481,0.4654233249019935,0.0956866470016313,0.4067905221381402,0.364341065798817,Goblin,0.1482104923926672,0.0445347973962226,0.2166188713628266,0.0091559344144147,4.86352802825014,0.8956258558466034,1.0,0.0,0.0,0.0,0.0,0.0
482,0.3674193755313768,0.5752290600318004,0.4749417583616708,0.4484017950452802,Ghoul,0.2129647369913349,0.2113503020243849,0.1349969975158669,0.3308884715050686,0.6387246643353203,0.944099663073206,0.0,0.0,0.0,0.0,0.0,1.0
487,0.7308481259008561,0.5364557801829294,0.4080655861465742,0.7875127894149119,Ghoul,0.3213568680105196,0.3920677015753755,0.5341389831327936,0.2877848040916754,1.3623387602684451,1.9298208864963804,0.0,0.0,0.0,1.0,0.0,0.0
492,0.5254848998177738,0.6677033349281426,0.3807165833455602,0.4558445428731741,Goblin,0.1735475768993935,0.3508680200627084,0.2761343799364957,0.4458277434741634,0.7869917707639088,1.1973015881043283,0.0,0.0,0.0,0.0,0.0,1.0
494,0.3998389632819645,0.7239709821866331,0.3605797954313112,0.3639124829196237,Ghost,0.1312194886460584,0.289471806963729,0.1598711965583961,0.5241339830482783,0.5522782685179582,1.0092145910128658,0.0,0.0,0.0,0.0,0.0,1.0
495,0.4151419193496131,0.620148623355317,0.3137928944501894,0.4180526144087382,Ghost,0.1311819399077869,0.2574496897817466,0.1723428132012806,0.3845843150494947,0.6694124756397357,1.3322140165125105,0.0,0.0,0.0,0.0,0.0,1.0
497,0.5664239021619079,0.4311095936650269,0.6845990131683044,0.575277204012294,Ghoul,0.3938342061650378,0.244190778303179,0.3208360369403226,0.1858554817500246,1.313844024918084,0.8403003655326807,0.0,0.0,0.0,0.0,0.0,1.0
501,0.2966045215824983,0.3521568668219182,0.90181023619074,0.5411234740544943,Ghoul,0.4879906879454373,0.1044513190057066,0.0879742422231826,0.1240144588498302,0.8422272210306587,0.6000347434430866,0.0,0.0,0.0,0.0,1.0,0.0
502,0.42172073418984,0.3203029521491927,0.427802093939081,0.5336957184844102,Ghoul,0.2283161458939529,0.1350783961435307,0.1778483776456177,0.102593981155488,1.3165897019156891,1.247500306899708,0.0,0.0,0.0,0.0,0.0,1.0
506,0.5176317289678591,0.3475661799907788,0.4272752269206539,0.6258241156937853,Goblin,0.2673991410454797,0.1799112826793809,0.2679426068342552,0.1208022494733824,1.4892612289530078,1.4646518912061512,0.0,0.0,0.0,0.0,0.0,1.0
507,0.2725232044172437,0.3893524357424867,0.1640738194063587,0.5940883374580593,Ghost,0.0974743425915175,0.1061075734362014,0.0742688969458428,0.1515953192186072,0.6999216652668643,3.620639375700909,0.0,0.0,0.0,0.0,0.0,1.0
509,0.3283443266222831,0.6799343781401656,0.3532766829724776,0.1794375417543184,Ghost,0.063391099551701,0.2232525955377734,0.1078099968250405,0.4623107585768536,0.4828988034585931,0.507909158207068,0.0,0.0,0.0,0.0,1.0,0.0
510,0.3571453629923807,0.4899314197129091,0.6981899841474759,0.7536870809531032,Ghoul,0.5262167711028045,0.1749767347347393,0.1275528103069593,0.2400327960219067,0.7289552355088841,1.0794716385927434,0.0,0.0,0.0,1.0,0.0,0.0
511,0.6221239910511766,0.5856000107674431,0.5955294577342635,0.5565001591276154,Goblin,0.3314122379943001,0.3643158158582536,0.3870382602414444,0.3429273726108294,1.062352042506722,0.9344471670186666,1.0,0.0,0.0,0.0,0.0,0.0
514,0.3962978552150852,0.4604070192512913,0.515815395861687,0.4762123660928846,Goblin,0.2456376701304319,0.1824583142552572,0.1570519900480766,0.2119746233758589,0.8607367639439704,0.9232045764194514,0.0,0.0,0.0,0.0,0.0,1.0
515,0.2279477968345748,0.501056352063739,0.4711195157317104,0.698964674530999,Goblin,0.3292958989786168,0.1142146915428983,0.0519601980817365,0.2510574679434215,0.4549253724496319,1.483593473114157,0.0,0.0,0.0,0.0,0.0,1.0
518,0.4390632860190493,0.4905148603287027,0.6547214095239163,0.4053193567377349,Goblin,0.2653712605506568,0.2153670664170952,0.1927765691298455,0.2406048282032866,0.8950887539620953,0.6190620319139114,0.0,0.0,0.0,0.0,1.0,0.0
520,0.523832930184412,0.2809651043045211,0.4756468209228535,0.6645758508325311,Ghoul,0.3161033907105939,0.1471787738674062,0.2744009387455871,0.0789413898368504,1.8643393032312263,1.3971750674007857,0.0,0.0,0.0,0.0,0.0,1.0
523,0.4036187136141595,0.5590108835403276,0.5897838964861386,0.4294659654920859,Goblin,0.2532921105361039,0.2256272537108617,0.1629080659795489,0.3124931679165377,0.7220100813730023,0.7281627837296198,0.0,0.0,0.0,0.0,1.0,0.0
528,0.4082384968547247,0.7409136729361053,0.3489371301868126,0.3486614628789351,Ghost,0.1216609302637115,0.3024694841385487,0.166658670314205,0.5489530707436701,0.5509859001224405,0.9991813450142876,0.0,0.0,0.0,0.0,0.0,1.0
534,0.4690199209184322,0.6210631049870445,0.641630555346056,0.5984854644556219,Goblin,0.3840065609252029,0.2912909683863796,0.2199796862183324,0.3857193803761487,0.7551766726852805,0.9327425759938768,0.0,0.0,0.0,0.0,0.0,1.0
536,0.322303941310501,0.5516586261954786,0.8492113552790871,0.5170909693916612,Ghoul,0.4391195229196695,0.1778017494807391,0.1038798305842828,0.3043272398558827,0.5842346764093408,0.6089001014602666,0.0,0.0,0.0,0.0,0.0,1.0
540,0.5055970065854175,0.4510943725257459,0.6839935981346329,0.7920717584189387,Ghoul,0.5417720120217956,0.2280719644365443,0.2556283330681347,0.2034861329243964,1.1207982838972848,1.1579935552664078,0.0,0.0,0.0,0.0,0.0,1.0
542,0.3104620322934717,0.5676807557018035,0.194400109160664,0.2645622676182196,Ghost,0.0514309337047746,0.1762433211090757,0.0963866734957926,0.3222614403941707,0.5468858338368842,1.3608462479673862,0.0,0.0,0.0,0.0,0.0,1.0
545,0.3901449022726327,0.5541143176301444,0.5519699106914849,0.3170772946370197,Ghost,0.1750171260030934,0.2161848762996792,0.1522130447693221,0.3070426770027206,0.7040746811856012,0.5744362946829092,1.0,0.0,0.0,0.0,0.0,0.0
547,0.489446322959167,0.4154849748957757,0.825952917971847,0.5034754896393583,Ghoul,0.4158470497949324,0.2033575932075192,0.2395577030582492,0.1726277643641433,1.1779837363422785,0.6095618564519132,0.0,0.0,0.0,0.0,0.0,1.0
549,0.1689085003938734,0.6488664701193185,0.3039274085244652,0.2554399348818104,Ghost,0.0776351974422867,0.1095990624237201,0.0285300815053071,0.4210276960451045,0.2603091777435136,0.8404359835859064,0.0,0.0,0.0,1.0,0.0,0.0
552,0.2850220936317743,0.4923153458956908,0.7206782608955851,0.6898848077976206,Goblin,0.4971849835018742,0.1403207506142409,0.0812375938582399,0.2423743998043936,0.5789303679119581,0.957258283824846,0.0,0.0,0.0,1.0,0.0,0.0
553,0.2502931550286889,0.4088781830633378,0.4566182375844146,0.4660241540706306,Goblin,0.212795127903499,0.1023394104613206,0.0626466634542152,0.1671813685851763,0.6121310553744173,1.0205767311630152,0.0,0.0,0.0,0.0,0.0,1.0
556,0.4311850258585969,0.221793443545452,0.4915352675044641,0.2995110623516535,Ghoul,0.1472202501535662,0.0956340116904129,0.1859205265246789,0.0491923315997496,1.943996084849956,0.6093254927918381,0.0,0.0,0.0,0.0,1.0,0.0
557,0.339569098440343,0.4414899582612495,0.4489891933979612,0.7567663606655737,Goblin,0.3397799178659465,0.1499163470972371,0.1153071726155873,0.1949133832455198,0.7691260034942273,1.6854514925482935,0.0,0.0,0.0,1.0,0.0,0.0
558,0.5182308394104409,0.4944910151076158,0.5454432529801341,0.6003927412898974,Ghoul,0.3274801698748217,0.2562604938401407,0.2685632029160502,0.2445213640221603,1.0479874127208029,1.1007226339005156,1.0,0.0,0.0,0.0,0.0,0.0
559,0.5159845568291059,0.4914966936736808,0.9014667584893996,0.4480635496432015,Ghoul,0.403914395694111,0.253604703668185,0.2662400628861288,0.24156899989216,1.0498016882994403,0.497032835759426,0.0,0.0,0.0,0.0,0.0,1.0
561,0.5241379236461077,0.5781625799075041,0.6217871470661697,0.6893261967890804,Goblin,0.4286141692994553,0.303036934162596,0.274720563004053,0.334271968805301,0.9065423402299002,1.1086030227728343,0.0,0.0,1.0,0.0,0.0,0.0
564,0.4753163597993992,0.5292097601138374,0.3073575328688198,0.2303608171161942,Ghost,0.0708031324184788,0.2515420567476224,0.2259256418929519,0.2800629701997453,0.8981455259666735,0.7494637282152666,0.0,0.0,0.0,1.0,0.0,0.0
565,0.6277343663920077,0.6520665637156676,0.6556438273888984,0.4591233182574153,Ghoul,0.3010213696257831,0.4093245912194683,0.3940504347495754,0.4251908035159588,0.9626697251854092,0.7002526319198747,0.0,0.0,0.0,0.0,1.0,0.0
570,0.6148994038783354,0.7791525749422179,0.4287174717773776,0.7924097607153152,Ghoul,0.3397199092255867,0.4791004538622399,0.3781012768899323,0.6070787350390885,0.7891798498200917,1.8482831469376528,0.0,0.0,0.0,0.0,0.0,1.0
574,0.2750211376626579,0.6899749261931994,0.5865127801377743,0.4027485507341818,Goblin,0.2362171721875644,0.1897576891603621,0.0756366261612626,0.476065398775311,0.398590066568571,0.6866716253366598,0.0,0.0,0.0,1.0,0.0,0.0
575,0.5244103827541664,0.4003434154034117,0.749885949104632,0.7626759520243293,Ghoul,0.5719199801430429,0.2099442437048133,0.2750062495403713,0.1602748502568686,1.3098686375030673,1.0170423682578316,0.0,0.0,0.0,0.0,0.0,1.0
579,0.3345520956409246,0.500769296558434,0.6826563169851186,0.6270858482985827,Ghoul,0.4280841156329993,0.1675334175962557,0.1119251046977343,0.2507698883756288,0.6680629529617285,0.9185832561184536,0.0,0.0,0.0,1.0,0.0,0.0
580,0.2844510413025236,0.2202684682829915,0.3574054492749826,0.3160726675232211,Goblin,0.112966093739679,0.0626555951692088,0.0809123948980899,0.0485181981197352,1.2913247650564268,0.8843284982906437,0.0,0.0,0.0,0.0,0.0,1.0
581,0.3365734156264305,0.2430919602050877,0.2534588626743252,0.5450234213096578,Goblin,0.1381410164960154,0.0818182913575506,0.1132816641064419,0.0590937011163519,1.384494865210003,2.150257887928201,0.0,0.0,0.0,0.0,0.0,1.0
582,0.4510851028671813,0.4645078697860929,0.5058186231118217,0.5090096263864126,Goblin,0.257466548369438,0.2095325802250749,0.2034777700286955,0.2157675610932138,0.9710823462505388,1.0062886976522238,1.0,0.0,0.0,0.0,0.0,0.0
583,0.5237886449947281,0.6573167346106544,0.8189792357764386,0.6245038929566373,Ghoul,0.5114557209930377,0.344295041754074,0.2743545446254133,0.4320652895992135,0.7968467086691322,0.7625300378515715,0.0,0.0,0.0,0.0,0.0,1.0
584,0.6544882647955068,0.4393923976444442,0.6211210491244005,0.7401986547089792,Ghoul,0.459752964973311,0.2875771678986496,0.4283548887550334,0.1930656791077334,1.4894963439073126,1.1916948214912564,0.0,0.0,0.0,0.0,1.0,0.0
585,0.3045185925967165,0.3013289058485672,0.5458802869535341,0.3136445217288742,Goblin,0.1712123615227617,0.0917602543177141,0.0927315732370849,0.0907991094998946,1.010551862658409,0.574555967059314,0.0,0.0,0.0,1.0,0.0,0.0
586,0.4996096456060792,0.4364747787846141,0.5917520169235349,0.6596218307800241,Ghoul,0.3903325487708738,0.2180670095445728,0.249609797982632,0.1905102325150778,1.1446210037317577,1.114674162781316,0.0,0.0,0.0,1.0,0.0,0.0
589,0.4827161837683349,0.5614814659061313,0.5314228814019432,0.5606587838094296,Ghoul,0.2979469063753162,0.2710361904788582,0.2330149140718649,0.3152614365560981,0.8597035094546462,1.0549945316337732,0.0,0.0,0.0,1.0,0.0,0.0
590,0.3677989588298081,0.6374462876528123,0.4163537370578704,0.4159298561467601,Ghost,0.173173949960646,0.2344520809086307,0.1352760741162909,0.4063377696423519,0.576979105789491,0.9989579281947648,0.0,0.0,0.0,1.0,0.0,0.0
593,0.323612623781796,0.4313123679130229,0.2050967323077951,0.2576167455866692,Ghost,0.0528363527075944,0.1395781270498726,0.1047251302709382,0.1860303587147388,0.7502801798747734,1.256013114187176,0.0,0.0,0.0,1.0,0.0,0.0
594,0.3910359826248366,0.5060606049780997,0.2522955610769081,0.3477648971789816,Ghost,0.0877395398566244,0.1978879059353304,0.1529091397073715,0.2560973359108002,0.7726905668464162,1.3783481255610357,1.0,0.0,0.0,0.0,0.0,0.0
598,0.3648165456131974,0.8115825388304456,0.3325456764268887,0.1612549398420233,Ghost,0.0536246330469428,0.2960787382961118,0.1330911119531461,0.6586662173344717,0.4495070225003796,0.484896067854294,0.0,0.0,0.0,0.0,0.0,1.0
600,0.1841809742741317,0.6316068674312417,0.4531626063046927,0.431741682033267,Ghost,0.1956491858805671,0.1163299682017184,0.0339226312845683,0.3989272349863061,0.2916023680988566,0.952709135606894,0.0,0.0,0.0,0.0,0.0,1.0
601,0.2697484182873138,0.6271383744405528,0.1953651811382809,0.367901682802343,Ghost,0.0718751789017581,0.1691695845526162,0.0727642091685076,0.3933025406959389,0.4301189786674368,1.8830522928188755,0.0,0.0,1.0,0.0,0.0,0.0
604,0.2007525650933715,0.2779447190113115,0.5685342557786361,0.556149201619786,Ghoul,0.3161898724447877,0.0557981152956771,0.0403015923915683,0.0772532668262769,0.7222491699635499,0.9781986115718032,0.0,0.0,0.0,1.0,0.0,0.0
607,0.7552975085362733,0.4759321550030602,0.965568532709348,0.6359345971757204,Ghoul,0.6140384358940706,0.3594703709061108,0.5704743264011018,0.2265114161658569,1.5869523230851803,0.6586047386444385,0.0,0.0,0.0,0.0,0.0,1.0
608,0.5871421359150822,0.4204263094957165,0.5612710788405073,0.627067543523131,Goblin,0.3519548766590945,0.2468500013522104,0.3447358877669249,0.176758281716188,1.396506730399469,1.117207700673832,0.0,0.0,0.0,0.0,0.0,1.0
609,0.1604646938640709,0.6966459646817084,0.4089450310087078,0.2171466588930796,Ghost,0.0888010471544677,0.1117870814542906,0.0257489179768899,0.485315600107308,0.2303356348027319,0.5309793068383989,0.0,0.0,0.0,0.0,0.0,1.0
610,0.4308013866548665,0.5336139110410659,0.5285604037568403,0.3681480443948453,Ghoul,0.1945884789876306,0.2298816128148177,0.1855898347437558,0.2847438060565426,0.8073127491877206,0.6964976506028617,0.0,0.0,0.0,0.0,0.0,1.0
614,0.4272175448421107,0.5454233048791824,0.6396500067877003,0.6048009711124263,Goblin,0.3868609452772712,0.2330144052101543,0.1825148306209209,0.2974865815053296,0.7832626666183184,0.94550380623242,0.0,0.0,0.0,1.0,0.0,0.0
616,0.2519320634011813,0.6490307819787063,0.1643205780645732,0.3006585885252317,Ghost,0.0494043930665447,0.1635116641147777,0.0634697645695768,0.421240955955891,0.3881606062305137,1.8295961230483155,0.0,0.0,0.0,0.0,0.0,1.0
617,0.4044237905739608,0.4645042419316484,0.5044171539802028,0.4090031672887874,Ghost,0.2063082136126989,0.1878565662596814,0.1635586023822108,0.2157641907724953,0.8706380861266904,0.810827022418463,0.0,0.0,0.0,1.0,0.0,0.0
621,0.5884133649804179,0.6562424436682945,0.8355006315499691,0.6361012301828235,Ghoul,0.5314629795474614,0.3861418245218335,0.3462302880875784,0.4306541448717347,0.8966265507391143,0.7613322992704258,0.0,0.0,0.0,1.0,0.0,0.0
625,0.3955756940744827,0.7985902072753048,0.3308218889265523,0.2040038550762471,Ghost,0.0674889406846226,0.3159028755240137,0.1564801297425087,0.6377463191560143,0.4953363278280671,0.6166390299864286,0.0,0.0,0.0,0.0,0.0,1.0
627,0.5862265848381086,0.4642843185201076,0.5997738555797856,0.8567568167671697,Ghoul,0.5138603392867093,0.2721758104399313,0.3436616087709522,0.2155599284236807,1.2626184759413988,1.4284426111119304,0.0,0.0,1.0,0.0,0.0,0.0
630,0.4763200416135701,0.2862260846006159,0.4888433654677488,0.4114606416224942,Goblin,0.2011398048082593,0.1363352205278546,0.2268807820427531,0.0819253715057989,1.664081040928776,0.8416851978277717,0.0,0.0,0.0,1.0,0.0,0.0
631,0.3852189472708037,0.7122195520162983,0.3918804342554825,0.4173443132622753,Ghost,0.1635490707152765,0.2743604660534018,0.1483936373364262,0.5072566902742967,0.5408634704643491,1.0649515190518757,0.0,0.0,0.0,0.0,0.0,1.0
632,0.5022290294565924,0.504398928842993,0.2635489646612248,0.1216866926106156,Ghost,0.0320704018505764,0.2533237844917612,0.2522339980289108,0.2544182794179587,0.9956783092809226,0.4617057619991415,0.0,0.0,0.0,0.0,0.0,1.0
637,0.20999665083892,0.4971123195299978,0.6424505913910452,0.3272120613307892,Goblin,0.2102175823122484,0.1043919221920665,0.0440985933635632,0.2471206582284946,0.4224245071866023,0.5093107121517212,0.0,0.0,1.0,0.0,0.0,0.0
641,0.6223714683898102,0.3852040125194582,0.3089947199874907,0.2955094670285272,Ghost,0.0913108650181323,0.239739986901382,0.3873462446656884,0.1483821312610909,1.6156511657487342,0.9563267093152824,0.0,0.0,0.0,0.0,0.0,1.0
647,0.5144303430623148,0.3084109800575708,0.5332964096963335,0.4508426987669187,Goblin,0.2404327925902033,0.1586559662752008,0.2646385778632109,0.0951173326200713,1.667948603776208,0.8453727361417428,0.0,0.0,0.0,0.0,0.0,1.0
651,0.3810575128864099,0.7041682290839908,0.5147490467097858,0.4365369543167563,Goblin,0.2247069810881436,0.2683285940283732,0.1452048281271764,0.4958528948512837,0.5411378783778891,0.8480413449884835,0.0,0.0,0.0,0.0,0.0,1.0
653,0.5037801049216418,0.9294395870026004,0.3664606599964958,0.4015665096500681,Ghost,0.1471583281588531,0.4682331726584975,0.2537943941148604,0.8638579458875645,0.5420198276124818,1.0957671472360375,0.0,0.0,1.0,0.0,0.0,0.0
654,0.3741484261114667,0.3445898049559149,0.6363397309473561,0.2481432621832248,Ghost,0.1579034166940725,0.1289277331783128,0.1399870447616876,0.1187421336795554,1.085747643296931,0.3899479328981647,0.0,0.0,0.0,1.0,0.0,0.0
661,0.491709701562399,0.4636293903678197,0.5594443924607964,0.4351882858803488,Goblin,0.2434636462003871,0.2279710691733176,0.2417784306105835,0.2149522116128361,1.060543413216703,0.7778798267471724,0.0,0.0,0.0,1.0,0.0,0.0
662,0.4037272159825862,0.3643664521794562,0.6090040178878497,0.4873011508793926,Goblin,0.2967683588069233,0.1471046533358639,0.1629956649250498,0.1327629114738439,1.1079948047349384,0.8001476756962421,0.0,0.0,0.0,0.0,0.0,1.0
663,0.423953236847586,0.6145688510700718,0.584209778754942,0.6553298521146043,Goblin,0.3828501079153817,0.2605484536768589,0.1797363470335453,0.377694872705588,0.6898272469178225,1.1217180176802783,0.0,0.0,0.0,1.0,0.0,0.0
664,0.1841718479053877,0.7151309235869638,0.1346003625956473,0.2270684068617264,Ghost,0.0305634898976043,0.1317069836912977,0.0339192695608852,0.511412237870344,0.2575322455071216,1.686856810153699,0.0,1.0,0.0,0.0,0.0,0.0
667,0.3906694290697766,0.8411202998055716,0.1950720821281122,0.3076679008815882,Ghost,0.060017418028957,0.3285999873040419,0.1526226028097052,0.7074833587450146,0.464457681717185,1.5771202435677298,0.0,0.0,0.0,1.0,0.0,0.0
669,0.5153971790364432,0.5617857657534445,0.5288184275146894,0.3735016571301501,Ghoul,0.1975145589976966,0.2895427988921534,0.2656342521587235,0.315603246603184,0.9174102235270954,0.7062813526978469,0.0,0.0,0.0,0.0,0.0,1.0
674,0.6133645269466709,0.4894378936383528,0.5808079950356857,0.5998460303550801,Ghoul,0.3483953702206491,0.3002038421012633,0.3762160429165133,0.2395494517291475,1.253176354253306,1.032760753768012,0.0,0.0,0.0,0.0,0.0,1.0
676,0.3550870183601146,0.4440244873210163,0.5353444823915584,0.2463467223408892,Goblin,0.1318803585604402,0.1576673312816982,0.1260867906078763,0.1971577453406913,0.7996834221198751,0.4601562711129243,0.0,0.0,0.0,1.0,0.0,0.0
677,0.2464147577793823,0.4095958964838422,0.5386424792099368,0.084828839477442,Ghost,0.0456924164046311,0.1009304736194949,0.0607202328514716,0.1677687984164023,0.6015898694200137,0.1574834290224819,0.0,0.0,0.0,0.0,1.0,0.0
678,0.1843826774241877,0.4789368061301901,0.3743963341928218,0.5217296004701502,Ghost,0.1953336498559097,0.0883076506312735,0.033996971734112,0.2293804642661872,0.384975272961874,1.3934849729370653,0.0,0.0,0.0,0.0,1.0,0.0
679,0.4165771994283703,0.4585225271488922,0.7683330522823812,0.6540064228000888,Goblin,0.5024947510422738,0.1910100302345043,0.1735365630835842,0.2102429079030065,0.9085008691065042,0.8511906509173829,0.0,0.0,0.0,1.0,0.0,0.0
680,0.5299845645400029,0.2597019865057757,0.7132363704280948,0.5996677875533437,Ghoul,0.4277048762571927,0.1376380442284372,0.2808836386506564,0.0674451217950461,2.0406627035992297,0.8407582743020753,0.0,0.0,0.0,0.0,0.0,1.0
682,0.4764660777291431,0.5345811964008034,0.342815920723563,0.5267847856283531,Goblin,0.1805902113083486,0.2547098058768435,0.2270199232265938,0.2857770555453143,0.891271837129017,1.5365955541416745,0.0,0.0,0.0,1.0,0.0,0.0
684,0.5903836895047814,0.514357511555222,0.7148151920659093,0.6131141225129884,Ghoul,0.4382632892424432,0.3036682853964702,0.3485529008332781,0.2645636496932803,1.1477857295452425,0.8577119683499588,0.0,0.0,0.0,0.0,0.0,1.0
685,0.4068335382007837,0.4553102868830651,0.2870075203943187,0.6416805442858692,Ghoul,0.1841671419007641,0.1852354949918512,0.1655135278049685,0.207307457341539,0.8935106779137788,2.235684230719773,0.0,0.0,0.0,0.0,0.0,1.0
686,0.3321342791974178,0.5773210446027128,0.4458596184119873,0.4095255001942346,Ghost,0.1825908832465796,0.1917481090146223,0.1103131794179882,0.3332995885411675,0.5752926025760041,0.9184871165988028,0.0,0.0,0.0,1.0,0.0,0.0
688,0.7613554112947414,0.3314799509814848,0.8610600925230152,0.7358968953394378,Ghoul,0.633651448788376,0.252374054415469,0.5796620623077848,0.1098789579026875,2.296767697001066,0.8546306528696076,0.0,0.0,0.0,0.0,1.0,0.0
690,0.4057030619281113,0.6232729261275476,0.2985685239214783,0.1611269986064954,Ghost,0.0481074501378394,0.2528637345468396,0.1645949744578449,0.3884691404435954,0.6509131646662321,0.539646979596126,0.0,0.0,0.0,0.0,0.0,1.0
693,0.4688407188928862,0.5174176217802128,0.6209557115311447,0.6248482602843604,Goblin,0.3880030960638729,0.2425864497632824,0.2198116196919983,0.2677209953286913,0.9060991318550736,1.006252436617865,0.0,0.0,0.0,1.0,0.0,0.0
695,0.4798184400763809,0.5697617962416881,0.7213623931192393,0.4919379191467224,Ghoul,0.3548655146217785,0.2733822162878035,0.2302257354373315,0.3246285044565549,0.8421238875657678,0.6819472492141898,0.0,1.0,0.0,0.0,0.0,0.0
696,0.4624895790300461,0.5748439666121937,0.5980974741944622,0.4674467861467118,Ghoul,0.2795787421146672,0.2658593441264353,0.2138966107113892,0.3304455859504409,0.8045340310612303,0.7815431278070456,1.0,0.0,0.0,0.0,0.0,0.0
698,0.4933947548278907,0.501551767875182,0.6603668617061033,0.605896960260879,Ghoul,0.4001142741647442,0.2474630115442705,0.2434383840916743,0.2515541758587204,0.9837168349535692,0.9175018014645852,0.0,0.0,0.0,1.0,0.0,0.0
699,0.4172527547569121,0.6249732499858772,0.3287520789411103,0.2796675314611779,Ghost,0.0919412823801906,0.2607718102059875,0.1740998613522318,0.3905915631979098,0.6676222999037827,0.8506684601884195,0.0,1.0,0.0,0.0,0.0,0.0
700,0.2323006781078838,0.4259669470678559,0.5778186741715855,0.733815877405728,Ghoul,0.4240125173686364,0.0989524106554079,0.0539636050493826,0.1814478399943095,0.5453362669198142,1.2699540715208992,0.0,0.0,0.0,0.0,0.0,1.0
701,0.4768916238529865,0.4785923544676903,0.4036303346402042,0.544586652208558,Ghoul,0.2198116926715287,0.2282366850857209,0.2274256209011383,0.2290506417549273,0.9964255699982788,1.34918789197316,0.0,0.0,1.0,0.0,0.0,0.0
705,0.1677984879168454,0.8122929096234279,0.5073605910023625,0.4146968185712928,Ghost,0.2104008229571306,0.1363015219803859,0.0281563325471797,0.6598197710244944,0.2065713244762774,0.817345005653593,0.0,0.0,0.0,1.0,0.0,0.0
708,0.3582398592403725,0.3707745809664184,0.6673837050439432,0.7405790642637972,Ghoul,0.4942503997863494,0.1328262336953178,0.1283357967485619,0.1374737898908231,0.9661670890052948,1.1096584499774915,0.0,1.0,0.0,0.0,0.0,0.0
709,0.6305854122728537,0.539712232484287,0.3055797150261434,0.7775196969582735,Ghoul,0.2375942474237226,0.3403346606298064,0.3976379621713248,0.2912892938931731,1.1683517452492789,2.5443254753902838,0.0,0.0,1.0,0.0,0.0,0.0
714,0.4409981585862939,0.2340513252885737,0.5769116792804196,0.5093680078184192,Goblin,0.2938603527622461,0.1032162034669426,0.194479375876502,0.0547800228693377,1.884113738323015,0.8829066857978739,0.0,0.0,0.0,0.0,0.0,1.0
715,0.5005233083711402,0.3901657550430394,0.4575028379481982,0.3464742940842629,Ghost,0.1585129728196488,0.1952870545272659,0.2505235822227915,0.152229316408305,1.2828149927355907,0.7572996107346225,0.0,0.0,0.0,1.0,0.0,0.0
716,0.3714221256048394,0.508111190483182,0.5911200104982167,0.5787140455811215,Goblin,0.342089452699378,0.1887237384128688,0.1379543953888171,0.2581769818942364,0.7309715330936054,0.9789962196190468,0.0,0.0,0.0,0.0,0.0,1.0
719,0.3540466893295677,0.5407519997390765,0.5712096006938082,0.2437753043181011,Ghost,0.1392467942385541,0.1914514552559632,0.1253490582252274,0.2924127252218102,0.654718137554782,0.4267628492124737,0.0,0.0,0.0,1.0,0.0,0.0
721,0.1736069506984055,0.5896128668034745,0.3634385458746502,0.6141577482798738,Ghost,0.2232085989724867,0.1023608918982963,0.0301393733307986,0.3476433327002117,0.2944372758803976,1.6898065909216506,0.0,0.0,0.0,0.0,0.0,1.0
722,0.5778091112204605,0.5003394585777345,0.7566291207477428,0.8549489712660003,Goblin,0.6468792884131811,0.2891006978693272,0.3338633690093785,0.2503395738098605,1.1548111051482068,1.1299296425766403,0.0,0.0,0.0,0.0,0.0,1.0
727,0.1946549336962759,0.4568400930420949,0.4148836098096881,0.2880532532927864,Ghost,0.1195085735435356,0.0889261780209094,0.0378905432123015,0.2087028706107099,0.4260805385856407,0.6942822123120107,0.0,0.0,0.0,0.0,0.0,1.0
728,0.6870798464680745,0.5360903383609764,0.7516135247140048,0.7259599419999203,Ghoul,0.5456413108077346,0.3683368673740778,0.4720787154225928,0.2873928508839862,1.281625466920407,0.9658558016477072,0.0,0.0,1.0,0.0,0.0,0.0
729,0.7571377380956645,0.5566020017570789,0.7607364502095,0.5702604475625773,Ghoul,0.4338179085736358,0.4214243806298738,0.5732575544486191,0.3098057883599872,1.3602612514742376,0.7496064521964378,1.0,0.0,0.0,0.0,0.0,0.0
731,0.5400876338610013,0.4815320826451627,0.7174795760309887,0.6947839601121377,Ghoul,0.4984933011343879,0.260069523143986,0.291694652249575,0.2318731466165877,1.1215793039192787,0.9683540825157992,0.0,0.0,0.0,0.0,0.0,1.0
732,0.5340006619939253,0.5959918074276711,0.8501404673408831,0.7942472943179957,Ghoul,0.6752217659757328,0.3182600197093324,0.2851567070099504,0.3552062345209022,0.8959715479700621,0.9342432014443957,0.0,0.0,0.0,0.0,1.0,0.0
733,0.5212368917903017,0.6087281979798949,0.946612014442891,0.676992586402129,Ghoul,0.6408493159770223,0.3172915938601518,0.2716878973632147,0.37055001901585,0.856257901212759,0.7151667466771886,0.0,0.0,0.0,0.0,0.0,1.0
734,0.5285356140406823,0.5891397663212339,0.6512166236569396,0.4121756662989291,Ghoul,0.268415645760738,0.3113813481483774,0.279349895309361,0.347085664261038,0.8971158850506924,0.6329220141283101,0.0,0.0,0.0,0.0,0.0,1.0
736,0.3378043185749406,0.3780925497718048,0.694287038730347,0.5435362673149564,Goblin,0.3773701854766474,0.1277212961339263,0.1141117576478799,0.1429539761929446,0.8934198374986223,0.7828583977672078,0.0,0.0,0.0,1.0,0.0,0.0
737,0.3870112735401417,0.5270474691798911,0.7657516183014328,0.6102976743553843,Ghoul,0.4673364317832363,0.2039733122634182,0.1497777258471623,0.2777790347689282,0.7342866692361589,0.7969812795124293,0.0,0.0,0.0,0.0,0.0,1.0
739,0.444005602311103,0.4241889939536255,0.5496132061727924,0.4475171934803702,Goblin,0.2459613595261961,0.1883422897541203,0.1971409748836453,0.1799363025913889,1.046691785317253,0.8142254338141579,0.0,0.0,0.0,0.0,1.0,0.0
741,0.6005569017635347,0.4542131929675608,0.5563310890474147,0.6931487489923561,Ghoul,0.3856201983987705,0.2727808679087208,0.3606685922558159,0.2063096246657866,1.3221625647073123,1.2459060864607143,0.0,0.0,0.0,1.0,0.0,0.0
743,0.3225103262790144,0.4341013917051471,0.5958799946619029,0.6096158422840292,Goblin,0.3632578848460188,0.1400021814770012,0.1040129105565963,0.1884440182803455,0.7429206706882888,1.0230341971590144,0.0,0.0,0.0,0.0,0.0,1.0
745,0.4173001058933074,0.3775948819510494,0.5418338647344139,0.3490872993183736,Goblin,0.1891473205193735,0.1575703842229438,0.1741393783785655,0.1425778948756269,1.1051237042729862,0.6442581009743087,0.0,0.0,0.0,1.0,0.0,0.0
746,0.4839050876561649,0.5699170933679273,0.6347676415210999,0.5064325040700844,Goblin,0.3214669661981923,0.2757857810229536,0.2341641338595206,0.3248054933129467,0.8490648949439763,0.7978108725703295,0.0,0.0,0.0,1.0,0.0,0.0
747,0.4219335411095097,0.2504010945633725,0.8511714670211034,0.5807525622359989,Ghoul,0.4943200103746798,0.1056526205268209,0.1780279131132103,0.062700708158535,1.684963447187558,0.6822899519516915,0.0,0.0,0.0,1.0,0.0,0.0
750,0.5546624268278099,0.20867584728205,0.6538545201052042,0.4089374660587713,Goblin,0.2673856106228961,0.1157446518738112,0.3076504077345155,0.0435456092388814,2.6578823339090847,0.6254162039453905,0.0,0.0,0.0,0.0,0.0,1.0
751,0.4177761432660903,0.3524301076993661,0.6042644053259479,0.4091902593002075,Ghoul,0.2472591087012103,0.147236891165494,0.1745369058822888,0.1242069808129868,1.1853819532436878,0.6771596739721066,0.0,0.0,0.0,0.0,0.0,1.0
753,0.4223219616418998,0.6730891842040043,0.8293724953601913,0.5778361624373266,Ghoul,0.4792414199500024,0.2842603446329811,0.1783558392850622,0.453049049892412,0.6274290201990522,0.6967064842457026,0.0,0.0,0.0,0.0,0.0,1.0
754,0.3425846004517803,0.261752453992259,0.5828646952080849,0.5103313211436651,Goblin,0.2974541099535416,0.089672359868211,0.1173642084667059,0.0685143471709696,1.3087614179454148,0.8755420767777163,0.0,0.0,0.0,1.0,0.0,0.0
756,0.1877805300065898,0.7364910458587844,0.3443478996707319,0.3463062462505728,Ghost,0.11924982853924,0.1382986789364702,0.0352615274495557,0.5424190606301661,0.2549630188068932,1.0056579116718505,0.0,0.0,0.0,1.0,0.0,0.0
761,0.2172482574004319,0.4987182711237047,0.3315312040178976,0.5232825307796921,Ghost,0.1734844874709238,0.1083456753353809,0.0471968053435243,0.248719913952617,0.4356044563323854,1.5783333246007143,0.0,0.0,0.0,0.0,0.0,1.0
766,0.4135764428639238,0.3568627094592894,0.6585401835559873,0.4640021544269874,Goblin,0.3055640639467218,0.1475900099689548,0.1710454740919764,0.1273509934026251,1.158890640560743,0.7045813151573433,0.0,0.0,0.0,1.0,0.0,0.0
772,0.6495590309746747,0.5078463208836099,0.7348547480537332,0.546648257094182,Ghoul,0.4017070672409574,0.3298761640772114,0.4219269347207584,0.2579078856350185,1.2790212590925696,0.7438760105746849,0.0,1.0,0.0,0.0,0.0,0.0
775,0.5710561840298457,0.7298729011831669,0.4211657028673038,0.7854226316995812,Ghoul,0.3307930747276416,0.416798433776452,0.326105165318729,0.532714451881533,0.7823942485899351,1.8648336700159491,0.0,0.0,0.0,1.0,0.0,0.0
777,0.5411810684466748,0.3705810260156199,0.7912264449001588,0.4829132184080529,Ghoul,0.3820937089962976,0.2005514356051981,0.2928769488450845,0.1373302968427895,1.460318870279025,0.6103273193754223,0.0,0.0,0.0,0.0,0.0,1.0
779,0.5160036963323632,0.5275078933054959,0.3548574295227587,0.7604317994664286,Ghoul,0.2698448736860228,0.2721960227901337,0.2662598146286617,0.2782645774996024,0.9781728788364256,2.1428616328331134,0.0,0.0,0.0,0.0,0.0,1.0
785,0.3969883320489408,0.6111090023462676,0.5072143527884544,0.1796421921347163,Ghost,0.0911170982171093,0.242603143541537,0.157599735783,0.3734542127486505,0.6496088822713489,0.3541671277160441,0.0,1.0,0.0,0.0,0.0,0.0
786,0.3834889715343975,0.5520484793694205,0.5264208697412078,0.7033103648544025,Ghoul,0.3702372539646607,0.2117045035905071,0.1470637912885099,0.3047575235740895,0.6946528055731186,1.3359975740027332,1.0,0.0,0.0,0.0,0.0,0.0
792,0.5115925357978953,0.7293598080323525,0.4929183046692216,0.8031946198782922,Ghoul,0.3959093303498476,0.3731350337003373,0.2617269226841208,0.53196572957299,0.7014172099857509,1.6294349751679893,1.0,0.0,0.0,0.0,0.0,0.0
793,0.3618667061171297,0.5656799531870303,0.4192265518026262,0.5193612257496387,Ghost,0.2177300158110063,0.2047007413762827,0.1309475129960611,0.3199938094376808,0.6396908838108498,1.2388262032890456,0.0,0.0,0.0,0.0,0.0,1.0
797,0.664432457376306,0.3588398940306163,0.666816451154938,0.5400973133957662,Goblin,0.3601457737968812,0.2384248725954156,0.4414704904151166,0.1287660695479039,1.8515609686082783,0.8099518434823963,0.0,0.0,0.0,0.0,0.0,1.0
801,0.168644469580262,0.3130094700952347,0.4436390218448215,0.539799547425459,Ghost,0.2394761432121079,0.0527873160578097,0.0284409571200079,0.0979749283692996,0.538766708438145,1.2167265582617892,0.0,0.0,0.0,1.0,0.0,0.0
802,0.3777560832044784,0.5935372360462214,0.5956286899543685,0.5325942281982944,Goblin,0.317228402419008,0.2242123015248325,0.1426996583979888,0.352286450573388,0.6364381135372036,0.8941565368077352,0.0,0.0,0.0,1.0,0.0,0.0
804,0.376472952085311,0.6463723195360589,0.609449079243181,0.3842929461674824,Ghost,0.2342069822014214,0.24334169528197,0.1417318836518288,0.417797175462425,0.5824307700054738,0.6305475777712473,0.0,0.0,0.0,1.0,0.0,0.0
809,0.2798745118127758,0.6564201941998399,0.6290679358102901,0.2920598869669624,Ghost,0.1837255102272936,0.1837152813957276,0.0783297423624395,0.4308874713533555,0.4263583763905479,0.4642666199868729,0.0,0.0,0.0,0.0,0.0,1.0
812,0.3201754063428098,0.6919286846064977,0.5644936214175476,0.4894910714495504,Ghoul,0.2763145875741122,0.2215385477541312,0.1025122908267833,0.4787653045812782,0.4627222230317879,0.8671176815843447,0.0,0.0,0.0,0.0,0.0,1.0
813,0.4396245808903376,0.5141795140086365,0.8161216310068317,0.6514913737638149,Ghoul,0.531696202543006,0.2260459533484443,0.193269772123005,0.2643805726261576,0.8549855042025489,0.7982675208410853,0.0,0.0,0.0,1.0,0.0,0.0
814,0.4886321866874934,0.5484730688109186,0.5986208699715143,0.5445659125918522,Ghoul,0.3259885203525661,0.2680015949522792,0.2387614138670014,0.3008227072108667,0.8908792531131752,0.9096856508882764,1.0,0.0,0.0,0.0,0.0,0.0
817,0.3203642312313993,0.2125377697764852,0.5925587890039019,0.3439898944965244,Goblin,0.2038342353124404,0.0680894992220798,0.1026332406524854,0.0451723035815622,1.5072575523530247,0.5805062650612524,0.0,0.0,0.0,0.0,0.0,1.0
819,0.3238053473389625,0.5059631966083168,0.4960383282659343,0.6596835886270487,Goblin,0.3272283444870335,0.1638335886184878,0.1048499029653061,0.2559987563221062,0.6399654161712962,1.3298776571491409,0.0,0.0,0.0,0.0,0.0,1.0
820,0.6266145629030311,0.3898047732560749,0.6207580446896525,0.7125488314218412,Ghoul,0.4423204193393189,0.2442573476113705,0.3926458104421567,0.1519477612532199,1.6074674586316895,1.147850372642931,0.0,0.0,0.0,0.0,0.0,1.0
827,0.6243882723635749,0.6612348871907548,0.5744578178095248,0.6422995761949135,Goblin,0.3689740129209126,0.4128673088395587,0.3898607146651697,0.4372315760381703,0.94426177723088,1.1180775602783717,0.0,0.0,1.0,0.0,0.0,0.0
829,0.1651963889117372,0.716798254758944,0.4687553518777524,0.2536237179172178,Ghost,0.1188874751368292,0.118412483264413,0.0272898469094779,0.513799738025468,0.2304610581909261,0.5410462119294162,0.0,0.0,0.0,1.0,0.0,0.0
831,0.7129132189757785,0.5318919417691564,0.7564647935134049,0.4536338330897058,Ghoul,0.3431580238788986,0.3791927963539266,0.5082452577904063,0.2829090377189637,1.3403094875054629,0.59966814093412,0.0,0.0,0.0,1.0,0.0,0.0
836,0.3462834483038663,0.1587418624387186,0.7149870242277861,0.3226757464202977,Goblin,0.2307089717235284,0.0549696795154574,0.1199122265692164,0.025198978890513,2.181287469540955,0.4512966284982728,0.0,0.0,0.0,0.0,0.0,1.0
837,0.3323744700041184,0.6052062408602683,0.2992346705676879,0.5700730854855057,Ghost,0.1705856319347606,0.2011551035491165,0.1104727883105186,0.3662745939762171,0.5491829986777514,1.9050400610444875,1.0,0.0,0.0,0.0,0.0,0.0
839,0.3553127174590911,0.3446838246030724,0.5557276505550555,0.6382316190935432,Goblin,0.3546829581888038,0.1224705463839103,0.1262471271881639,0.1188069389430015,1.0308067394832117,1.1484404888819304,0.0,1.0,0.0,0.0,0.0,0.0
840,0.5025990844061363,0.6041742947466081,0.617954672131419,0.5935448602683817,Ghoul,0.3667838195224367,0.3036574473613683,0.2526058396458865,0.3650265784325613,0.8318638679890279,0.9604834823667008,0.0,0.0,0.0,1.0,0.0,0.0
841,0.2030734301142651,0.1655389473014981,0.2995069579313811,0.4258022263267003,Ghost,0.1275307294875194,0.0336165618460197,0.0412388180183733,0.0274031430736881,1.2266669974314444,1.4216297777177975,0.0,0.0,0.0,1.0,0.0,0.0
843,0.5529714816656802,0.3411872125953227,0.6448010334120685,0.4153942106557978,Goblin,0.2678466163042489,0.188666798474219,0.3057774595355377,0.1164087140385659,1.6206799506346865,0.6442107673897988,0.0,0.0,0.0,0.0,0.0,1.0
845,0.4961396808820898,0.377487567177927,0.6472375551399165,0.4656888678867193,Ghoul,0.3014113243068758,0.1872865611166131,0.2461545829457819,0.1424968633739099,1.314285770345754,0.7194911192612394,0.0,0.0,0.0,0.0,1.0,0.0
846,0.3625668270307094,0.639753416784588,0.5362475723300909,0.4276784934724291,Goblin,0.2293415538623807,0.231953366405643,0.1314547040631163,0.4092844342875547,0.5667201617325172,0.7975243904046423,0.0,0.0,0.0,0.0,0.0,1.0
847,0.3569985378992515,0.6713307566237863,0.2967838630001996,0.6899803696223118,Ghost,0.2047750394908152,0.2396640985614899,0.1274479560622033,0.4506849847890654,0.5317694991357579,2.324779773569132,1.0,0.0,0.0,0.0,0.0,0.0
849,0.4401325118247183,0.3911570608294429,0.57198307632316,0.431373254848531,Goblin,0.2467382013517972,0.1721609397008368,0.1937166279651357,0.1530038462367285,1.1251778482867334,0.7541581755175254,0.0,0.0,0.0,1.0,0.0,0.0
851,0.4455471177513875,0.2411393719831536,0.5586141779285623,0.3993017127374322,Goblin,0.2230555980062876,0.1074389521634737,0.1985122341365687,0.0581481967204297,1.8475980844872897,0.7147948988138776,0.0,0.0,0.0,0.0,1.0,0.0
855,0.4348911277684966,0.6671597792809306,0.7986176084369192,0.4600606006479525,Ghoul,0.3674124966255204,0.2901418688132652,0.1891302930117548,0.4451021710901801,0.6518447646672759,0.5760639824966571,0.0,0.0,0.0,0.0,1.0,0.0
858,0.4404317315532128,0.3094978182468445,0.2030569347350796,0.1941049950833807,Ghost,0.0394143653183989,0.1363126600023992,0.1939801101589613,0.0957888994995568,1.4230068049588052,0.9558670658845044,0.0,0.0,0.0,1.0,0.0,0.0
861,0.6260168005606022,0.1721822570266518,0.408421804580713,0.6449405291466007,Ghoul,0.2634077747612945,0.1077889856571278,0.3918970345841327,0.0296467296347919,3.6355688192396927,1.5790653957731875,0.0,0.0,1.0,0.0,0.0,0.0
864,0.4677850248522497,0.4201354072298341,0.6318937148461823,0.3865087470270767,Ghoul,0.2442324479794828,0.196533051912318,0.2188228294760199,0.1765137604081785,1.1133884050679508,0.6116576591437836,0.0,0.0,0.0,1.0,0.0,0.0
867,0.5010218791127545,0.5848466079834541,0.6562302419663666,0.4698857370086443,Ghoul,0.3083532308937271,0.2930209465245907,0.2510229233496756,0.3420455548697521,0.8566576358609403,0.7160270080369846,0.0,0.0,0.0,1.0,0.0,0.0
873,0.3774494817091187,0.4661578199733501,0.4973513849100462,0.3933045478174321,Goblin,0.1956105615484193,0.1759510275435936,0.1424681112424823,0.2173031131223062,0.8096858374537665,0.7907822355138527,0.0,0.0,0.0,1.0,0.0,0.0
874,0.5075829141004433,0.7996232644844037,0.3345200230296363,0.3444034758439047,Ghost,0.1152098586707897,0.4058751067695031,0.257640414686698,0.6393973651046946,0.6347696333365124,1.029514399708733,0.0,0.0,0.0,0.0,0.0,1.0
877,0.4867440133136787,0.4626664876894513,0.8400125685822827,0.3533827230257571,Goblin,0.2968459288614675,0.2252001430437072,0.2369197344967066,0.2140602788308931,1.052018043416076,0.4206824152619683,0.0,0.0,0.0,1.0,0.0,0.0
878,0.4060617791475717,0.4499437702553888,0.7889825792471347,0.4285529910950088,Ghoul,0.3381208442582143,0.1827049678662694,0.1648861684844912,0.2024493963916341,0.902452220629456,0.5431647931390416,0.0,0.0,0.0,0.0,0.0,1.0
886,0.4581318644795705,0.3917598269859147,0.6605898989575533,0.6356891853240133,Goblin,0.4199298547015993,0.179477659965251,0.2098848052515275,0.1534757620400338,1.1693903739453668,0.9622907698398836,0.0,0.0,1.0,0.0,0.0,0.0
889,0.3319360874530467,0.5648357793659164,0.5392155253895515,0.5514705080053851,Ghost,0.2973614597109666,0.1874893786562146,0.1101815661536366,0.3190394576519022,0.5876579051819613,1.0227084624879126,0.0,0.0,0.0,0.0,1.0,0.0
890,0.4816397309789108,0.5011471150435187,0.4964462495029654,0.5440032316400073,Ghoul,0.2700683640651745,0.2413723616704176,0.2319768304574375,0.2511484309164418,0.961055358731337,1.0957727537615738,0.0,0.0,0.0,1.0,0.0,0.0
896,0.2949429482572135,0.7712861562498676,0.5835025434061195,0.3006180390267751,Ghost,0.1754113903658833,0.2274854128743098,0.0869913427266573,0.5948823348226953,0.3823990899828423,0.5151869354375603,0.0,0.0,0.0,1.0,0.0,0.0
897,0.6701995355809963,0.7684686738777555,0.7372743479813444,0.6083839550449307,Ghoul,0.4485458837780628,0.5150273483414158,0.4491674174929831,0.5905441027314362,0.8721120811318795,0.8251686838472323,0.0,0.0,0.0,0.0,0.0,1.0
